src_ip,dst_ip,src_port,dst_port,protocol,Prediction,Prediction_Time,Confidence,Prob_DoS,Prob_PortScan,Prob_BruteForce,Prob_WebAttack,Prob_Bot
192.168.100.51,192.168.100.50,52505,2725,6,DoS,0.0239 seconds,0.781970202922821,0.781970202922821,0.005445678252726793,0.2112606316804886,0.0002776518522296101,0.0010456833988428116
192.168.100.51,192.168.100.50,52506,5960,6,DoS,0.0212 seconds,0.5681707262992859,0.5681707262992859,0.00669286772608757,0.423039048910141,0.0004746145859826356,0.0016227707965299487
192.168.100.51,192.168.100.50,52507,6547,6,DoS,0.0218 seconds,0.5657029151916504,0.5657029151916504,0.006663797423243523,0.4255450963973999,0.00047255310346372426,0.0016157223144546151
192.168.100.51,192.168.100.50,52508,726,6,DoS,0.0403 seconds,0.5657029151916504,0.5657029151916504,0.006663797423243523,0.4255450963973999,0.00047255310346372426,0.0016157223144546151
192.168.100.51,192.168.100.50,52509,6025,6,DoS,0.0359 seconds,0.5657029151916504,0.5657029151916504,0.006663797423243523,0.4255450963973999,0.00047255310346372426,0.0016157223144546151
192.168.100.51,192.168.100.50,52510,5101,6,DoS,0.0252 seconds,0.5657029151916504,0.5657029151916504,0.006663797423243523,0.4255450963973999,0.00047255310346372426,0.0016157223144546151
192.168.100.51,192.168.100.50,52511,3551,6,DoS,0.0199 seconds,0.5657029151916504,0.5657029151916504,0.006663797423243523,0.4255450963973999,0.00047255310346372426,0.0016157223144546151
192.168.100.51,192.168.100.50,52512,2068,6,DoS,0.0151 seconds,0.5657029151916504,0.5657029151916504,0.006663797423243523,0.4255450963973999,0.00047255310346372426,0.0016157223144546151
192.168.100.51,192.168.100.50,52513,425,6,DoS,0.0120 seconds,0.5657029151916504,0.5657029151916504,0.006663797423243523,0.4255450963973999,0.00047255310346372426,0.0016157223144546151
192.168.100.51,192.168.100.50,52514,617,6,DoS,0.0131 seconds,0.5657029151916504,0.5657029151916504,0.006663797423243523,0.4255450963973999,0.00047255310346372426,0.0016157223144546151
192.168.100.51,192.168.100.50,52515,700,6,DoS,0.0207 seconds,0.5657029151916504,0.5657029151916504,0.006663797423243523,0.4255450963973999,0.00047255310346372426,0.0016157223144546151
192.168.100.51,192.168.100.50,52516,49154,6,DoS,0.0297 seconds,0.5657029151916504,0.5657029151916504,0.006663797423243523,0.4255450963973999,0.00047255310346372426,0.0016157223144546151
192.168.100.51,192.168.100.50,52517,49158,6,DoS,0.0176 seconds,0.5657029151916504,0.5657029151916504,0.006663797423243523,0.4255450963973999,0.00047255310346372426,0.0016157223144546151
192.168.100.51,192.168.100.50,52518,90,6,DoS,0.0199 seconds,0.5657029151916504,0.5657029151916504,0.006663797423243523,0.4255450963973999,0.00047255310346372426,0.0016157223144546151
192.168.100.51,192.168.100.50,52519,13722,6,DoS,0.0721 seconds,0.592830240726471,0.592830240726471,0.007936110720038414,0.3972640633583069,0.0004456971073523164,0.0015238982159644365
192.168.100.51,192.168.100.50,52520,50000,6,DoS,0.0404 seconds,0.5657029151916504,0.5657029151916504,0.006663797423243523,0.4255450963973999,0.00047255310346372426,0.0016157223144546151
192.168.100.51,192.168.100.50,52521,7201,6,DoS,0.0319 seconds,0.5657029151916504,0.5657029151916504,0.006663797423243523,0.4255450963973999,0.00047255310346372426,0.0016157223144546151
192.168.100.51,192.168.100.50,52522,2605,6,DoS,0.0185 seconds,0.5657029151916504,0.5657029151916504,0.006663797423243523,0.4255450963973999,0.00047255310346372426,0.0016157223144546151
192.168.100.51,192.168.100.50,52523,1641,6,DoS,0.0242 seconds,0.781960129737854,0.781960129737854,0.005445608403533697,0.2112579047679901,0.0002905270375777036,0.0010456698946654797
192.168.100.51,192.168.100.50,52524,1755,6,DoS,0.0262 seconds,0.5657029151916504,0.5657029151916504,0.006663797423243523,0.4255450963973999,0.00047255310346372426,0.0016157223144546151
192.168.100.51,192.168.100.50,52525,84,6,DoS,0.0210 seconds,0.592830240726471,0.592830240726471,0.007936110720038414,0.3972640633583069,0.0004456971073523164,0.0015238982159644365
192.168.100.51,192.168.100.50,52526,9595,6,DoS,0.0210 seconds,0.5657029151916504,0.5657029151916504,0.006663797423243523,0.4255450963973999,0.00047255310346372426,0.0016157223144546151
192.168.100.51,192.168.100.50,52527,3995,6,DoS,0.0111 seconds,0.5657029151916504,0.5657029151916504,0.006663797423243523,0.4255450963973999,0.00047255310346372426,0.0016157223144546151
192.168.100.51,192.168.100.50,52528,13456,6,DoS,0.0219 seconds,0.5657029151916504,0.5657029151916504,0.006663797423243523,0.4255450963973999,0.00047255310346372426,0.0016157223144546151
192.168.100.51,192.168.100.50,52529,5802,6,DoS,0.0209 seconds,0.5657029151916504,0.5657029151916504,0.006663797423243523,0.4255450963973999,0.00047255310346372426,0.0016157223144546151
192.168.100.51,192.168.100.50,52530,2121,6,DoS,0.0208 seconds,0.5657029151916504,0.5657029151916504,0.006663797423243523,0.4255450963973999,0.00047255310346372426,0.0016157223144546151
192.168.100.51,192.168.100.50,52531,44501,6,DoS,0.0086 seconds,0.5657029151916504,0.5657029151916504,0.006663797423243523,0.4255450963973999,0.00047255310346372426,0.0016157223144546151
192.168.100.51,192.168.100.50,52532,8010,6,DoS,0.0100 seconds,0.5657029151916504,0.5657029151916504,0.006663797423243523,0.4255450963973999,0.00047255310346372426,0.0016157223144546151
192.168.100.51,192.168.100.50,52533,4449,6,DoS,0.0107 seconds,0.5657029151916504,0.5657029151916504,0.006663797423243523,0.4255450963973999,0.00047255310346372426,0.0016157223144546151
192.168.100.51,192.168.100.50,52534,2043,6,DoS,0.0080 seconds,0.5657029151916504,0.5657029151916504,0.006663797423243523,0.4255450963973999,0.00047255310346372426,0.0016157223144546151
192.168.100.51,192.168.100.50,52535,212,6,DoS,0.0080 seconds,0.5657029151916504,0.5657029151916504,0.006663797423243523,0.4255450963973999,0.00047255310346372426,0.0016157223144546151
192.168.100.51,192.168.100.50,52536,683,6,DoS,0.0080 seconds,0.5657029151916504,0.5657029151916504,0.006663797423243523,0.4255450963973999,0.00047255310346372426,0.0016157223144546151
192.168.100.51,192.168.100.50,52537,9103,6,DoS,0.0084 seconds,0.5657029151916504,0.5657029151916504,0.006663797423243523,0.4255450963973999,0.00047255310346372426,0.0016157223144546151
192.168.100.51,192.168.100.50,52538,20000,6,DoS,0.0102 seconds,0.5657029151916504,0.5657029151916504,0.006663797423243523,0.4255450963973999,0.00047255310346372426,0.0016157223144546151
192.168.100.51,192.168.100.50,52539,5925,6,DoS,0.0142 seconds,0.5657029151916504,0.5657029151916504,0.006663797423243523,0.4255450963973999,0.00047255310346372426,0.0016157223144546151
192.168.100.51,192.168.100.50,52540,20222,6,DoS,0.0094 seconds,0.5657029151916504,0.5657029151916504,0.006663797423243523,0.4255450963973999,0.00047255310346372426,0.0016157223144546151
192.168.100.51,192.168.100.50,52541,1002,6,DoS,0.0107 seconds,0.699413537979126,0.699413537979126,0.005857932381331921,0.29323506355285645,0.0003685976844280958,0.0011248447699472308
192.168.100.51,192.168.100.50,52542,1998,6,DoS,0.0183 seconds,0.5657029151916504,0.5657029151916504,0.006663797423243523,0.4255450963973999,0.00047255310346372426,0.0016157223144546151
192.168.100.51,192.168.100.50,52543,1106,6,DoS,0.0217 seconds,0.5657029151916504,0.5657029151916504,0.006663797423243523,0.4255450963973999,0.00047255310346372426,0.0016157223144546151
192.168.100.51,192.168.100.50,52544,119,6,DoS,0.0227 seconds,0.5657029151916504,0.5657029151916504,0.006663797423243523,0.4255450963973999,0.00047255310346372426,0.0016157223144546151
192.168.100.51,192.168.100.50,52545,9099,6,DoS,0.0367 seconds,0.5657029151916504,0.5657029151916504,0.006663797423243523,0.4255450963973999,0.00047255310346372426,0.0016157223144546151
192.168.100.51,192.168.100.50,52546,3221,6,DoS,0.0424 seconds,0.5657029151916504,0.5657029151916504,0.006663797423243523,0.4255450963973999,0.00047255310346372426,0.0016157223144546151
192.168.100.51,192.168.100.50,52547,3371,6,DoS,0.0423 seconds,0.5657029151916504,0.5657029151916504,0.006663797423243523,0.4255450963973999,0.00047255310346372426,0.0016157223144546151
192.168.100.51,192.168.100.50,52548,8085,6,DoS,0.0419 seconds,0.5657029151916504,0.5657029151916504,0.006663797423243523,0.4255450963973999,0.00047255310346372426,0.0016157223144546151
192.168.100.51,192.168.100.50,52549,1138,6,DoS,0.0339 seconds,0.5657029151916504,0.5657029151916504,0.006663797423243523,0.4255450963973999,0.00047255310346372426,0.0016157223144546151
192.168.100.51,192.168.100.50,52550,1719,6,DoS,0.0261 seconds,0.5657029151916504,0.5657029151916504,0.006663797423243523,0.4255450963973999,0.00047255310346372426,0.0016157223144546151
192.168.100.51,192.168.100.50,52551,211,6,DoS,0.0351 seconds,0.5657029151916504,0.5657029151916504,0.006663797423243523,0.4255450963973999,0.00047255310346372426,0.0016157223144546151
192.168.100.51,192.168.100.50,52552,1328,6,DoS,0.0385 seconds,0.5657029151916504,0.5657029151916504,0.006663797423243523,0.4255450963973999,0.00047255310346372426,0.0016157223144546151
192.168.100.51,192.168.100.50,52553,1043,6,DoS,0.0211 seconds,0.5671735405921936,0.5671735405921936,0.00843618530780077,0.42229655385017395,0.00047378160525113344,0.0016199226956814528
192.168.100.51,192.168.100.50,52554,22939,6,DoS,0.0255 seconds,0.5657029151916504,0.5657029151916504,0.006663797423243523,0.4255450963973999,0.00047255310346372426,0.0016157223144546151
192.168.100.51,192.168.100.50,52555,1095,6,DoS,0.0247 seconds,0.5657029151916504,0.5657029151916504,0.006663797423243523,0.4255450963973999,0.00047255310346372426,0.0016157223144546151
192.168.100.51,192.168.100.50,52556,49161,6,DoS,0.0333 seconds,0.5657029151916504,0.5657029151916504,0.006663797423243523,0.4255450963973999,0.00047255310346372426,0.0016157223144546151
192.168.100.51,192.168.100.50,52557,3580,6,DoS,0.0382 seconds,0.5657029151916504,0.5657029151916504,0.006663797423243523,0.4255450963973999,0.00047255310346372426,0.0016157223144546151
192.168.100.51,192.168.100.50,52558,1580,6,DoS,0.0335 seconds,0.5657029151916504,0.5657029151916504,0.006663797423243523,0.4255450963973999,0.00047255310346372426,0.0016157223144546151
192.168.100.51,192.168.100.50,52559,3404,6,DoS,0.0199 seconds,0.592830240726471,0.592830240726471,0.007936110720038414,0.3972640633583069,0.0004456971073523164,0.0015238982159644365
192.168.100.51,192.168.100.50,52560,9593,6,DoS,0.0239 seconds,0.5657029151916504,0.5657029151916504,0.006663797423243523,0.4255450963973999,0.00047255310346372426,0.0016157223144546151
192.168.100.51,192.168.100.50,52561,40911,6,DoS,0.0269 seconds,0.5657029151916504,0.5657029151916504,0.006663797423243523,0.4255450963973999,0.00047255310346372426,0.0016157223144546151
192.168.100.51,192.168.100.50,52562,2135,6,DoS,0.0329 seconds,0.5657029151916504,0.5657029151916504,0.006663797423243523,0.4255450963973999,0.00047255310346372426,0.0016157223144546151
192.168.100.51,192.168.100.50,52563,5959,6,DoS,0.0258 seconds,0.5657029151916504,0.5657029151916504,0.006663797423243523,0.4255450963973999,0.00047255310346372426,0.0016157223144546151
192.168.100.51,192.168.100.50,52564,898,6,DoS,0.0337 seconds,0.5657029151916504,0.5657029151916504,0.006663797423243523,0.4255450963973999,0.00047255310346372426,0.0016157223144546151
192.168.100.51,192.168.100.50,52565,2103,6,DoS,0.0304 seconds,0.5657029151916504,0.5657029151916504,0.006663797423243523,0.4255450963973999,0.00047255310346372426,0.0016157223144546151
192.168.100.51,192.168.100.50,52566,1521,6,DoS,0.0152 seconds,0.5657029151916504,0.5657029151916504,0.006663797423243523,0.4255450963973999,0.00047255310346372426,0.0016157223144546151
192.168.100.51,192.168.100.50,52567,2998,6,DoS,0.0244 seconds,0.5657029151916504,0.5657029151916504,0.006663797423243523,0.4255450963973999,0.00047255310346372426,0.0016157223144546151
192.168.100.51,192.168.100.50,52568,1082,6,DoS,0.0243 seconds,0.5657029151916504,0.5657029151916504,0.006663797423243523,0.4255450963973999,0.00047255310346372426,0.0016157223144546151
192.168.100.51,192.168.100.50,52569,1035,6,DoS,0.0191 seconds,0.5657029151916504,0.5657029151916504,0.006663797423243523,0.4255450963973999,0.00047255310346372426,0.0016157223144546151
192.168.100.51,192.168.100.50,52570,1110,6,DoS,0.0230 seconds,0.5657029151916504,0.5657029151916504,0.006663797423243523,0.4255450963973999,0.00047255310346372426,0.0016157223144546151
192.168.100.51,192.168.100.50,52571,3003,6,DoS,0.0166 seconds,0.5657029151916504,0.5657029151916504,0.006663797423243523,0.4255450963973999,0.00047255310346372426,0.0016157223144546151
192.168.100.51,192.168.100.50,52572,9575,6,DoS,0.0177 seconds,0.5657029151916504,0.5657029151916504,0.006663797423243523,0.4255450963973999,0.00047255310346372426,0.0016157223144546151
192.168.100.51,192.168.100.50,52696,5998,6,DoS,0.0141 seconds,0.679372251033783,0.679372251033783,0.005690076854079962,0.3134870231151581,0.0003580357297323644,0.0010926129762083292
192.168.100.51,192.168.100.50,52887,60020,6,DoS,0.0182 seconds,0.679372251033783,0.679372251033783,0.005690076854079962,0.3134870231151581,0.0003580357297323644,0.0010926129762083292
192.168.100.51,192.168.100.50,52888,9207,6,DoS,0.0185 seconds,0.7421930432319641,0.7421930432319641,0.006216231733560562,0.2500654458999634,0.0003316403308417648,0.0011936456430703402
192.168.100.51,192.168.100.50,52889,17877,6,DoS,0.0150 seconds,0.5657029151916504,0.5657029151916504,0.006663797423243523,0.4255450963973999,0.00047255310346372426,0.0016157223144546151
192.168.100.51,192.168.100.50,52890,1075,6,DoS,0.0090 seconds,0.5671735405921936,0.5671735405921936,0.00843618530780077,0.42229655385017395,0.00047378160525113344,0.0016199226956814528
192.168.100.51,192.168.100.50,52948,20,6,DoS,0.0142 seconds,0.781960129737854,0.781960129737854,0.005445608403533697,0.2112579047679901,0.0002905270375777036,0.0010456698946654797
192.168.100.51,192.168.100.50,52949,20,6,DoS,0.0143 seconds,0.5657029151916504,0.5657029151916504,0.006663797423243523,0.4255450963973999,0.00047255310346372426,0.0016157223144546151
192.168.100.51,192.168.100.50,52952,139,6,DoS,0.0119 seconds,0.781960129737854,0.781960129737854,0.005445608403533697,0.2112579047679901,0.0002905270375777036,0.0010456698946654797
192.168.100.51,192.168.100.50,53223,5960,6,DoS,0.0107 seconds,0.781970202922821,0.781970202922821,0.005445678252726793,0.2112606316804886,0.0002776518522296101,0.0010456833988428116
192.168.100.50,192.168.100.51,8042,53296,6,BruteForce,0.0104 seconds,0.6565741896629333,0.34078964591026306,0.002311571966856718,0.6565741896629333,9.139296889770776e-05,0.0002331605355720967
192.168.100.51,192.168.100.50,53419,2043,6,DoS,0.0119 seconds,0.5671735405921936,0.5671735405921936,0.00843618530780077,0.42229655385017395,0.00047378160525113344,0.0016199226956814528
192.168.100.51,192.168.100.50,53420,8084,6,DoS,0.0121 seconds,0.5927744507789612,0.5927744507789612,0.007935364730656147,0.3972266912460327,0.0005397146451286972,0.0015237547922879457
192.168.100.51,192.168.100.50,53607,5987,6,DoS,0.0159 seconds,0.748866856098175,0.748866856098175,0.006272128317505121,0.24332208931446075,0.000334622454829514,0.00120437890291214
192.168.100.51,192.168.100.50,53608,1084,6,DoS,0.0118 seconds,0.7703363299369812,0.7703363299369812,0.005388805642724037,0.22295796871185303,0.0002820630616042763,0.001034763059578836
192.168.100.51,192.168.100.50,53609,4,6,DoS,0.0103 seconds,0.5927744507789612,0.5927744507789612,0.007935364730656147,0.3972266912460327,0.0005397146451286972,0.0015237547922879457
192.168.100.50,192.168.100.51,465,53770,6,BruteForce,0.0086 seconds,0.6565741896629333,0.34078964591026306,0.002311571966856718,0.6565741896629333,9.139296889770776e-05,0.0002331605355720967
192.168.100.51,192.168.100.50,53814,32777,6,DoS,0.0091 seconds,0.592830240726471,0.592830240726471,0.007936110720038414,0.3972640633583069,0.0004456971073523164,0.0015238982159644365
192.168.100.51,192.168.100.50,53861,3323,6,DoS,0.0119 seconds,0.7421930432319641,0.7421930432319641,0.006216231733560562,0.2500654458999634,0.0003316403308417648,0.0011936456430703402
192.168.100.51,192.168.100.50,53862,711,6,DoS,0.0130 seconds,0.5657029151916504,0.5657029151916504,0.006663797423243523,0.4255450963973999,0.00047255310346372426,0.0016157223144546151
192.168.100.51,192.168.100.50,53863,3826,6,DoS,0.0106 seconds,0.5657029151916504,0.5657029151916504,0.006663797423243523,0.4255450963973999,0.00047255310346372426,0.0016157223144546151
192.168.100.51,192.168.100.50,53864,3801,6,DoS,0.0103 seconds,0.5657029151916504,0.5657029151916504,0.006663797423243523,0.4255450963973999,0.00047255310346372426,0.0016157223144546151
192.168.100.51,192.168.100.50,53951,1049,6,DoS,0.0087 seconds,0.781970202922821,0.781970202922821,0.005445678252726793,0.2112606316804886,0.0002776518522296101,0.0010456833988428116
192.168.100.51,192.168.100.50,53952,1049,6,DoS,0.0125 seconds,0.5657029151916504,0.5657029151916504,0.006663797423243523,0.4255450963973999,0.00047255310346372426,0.0016157223144546151
192.168.100.51,192.168.100.50,53953,143,6,DoS,0.0109 seconds,0.8674269318580627,0.8674269318580627,0.0067018684931099415,0.12423359602689743,0.00035079161170870066,0.0012868973426520824
192.168.100.51,192.168.100.50,53954,554,6,DoS,0.0130 seconds,0.5657029151916504,0.5657029151916504,0.006663797423243523,0.4255450963973999,0.00047255310346372426,0.0016157223144546151
192.168.100.51,192.168.100.50,53955,587,6,DoS,0.0109 seconds,0.592830240726471,0.592830240726471,0.007936110720038414,0.3972640633583069,0.0004456971073523164,0.0015238982159644365
192.168.100.51,192.168.100.50,53956,3306,6,DoS,0.0114 seconds,0.5657029151916504,0.5657029151916504,0.006663797423243523,0.4255450963973999,0.00047255310346372426,0.0016157223144546151
192.168.100.51,192.168.100.50,54211,6692,6,DoS,0.0085 seconds,0.781960129737854,0.781960129737854,0.005445608403533697,0.2112579047679901,0.0002905270375777036,0.0010456698946654797
192.168.100.51,192.168.100.50,54286,4125,6,DoS,0.0085 seconds,0.7811978459358215,0.7811978459358215,0.005464786197990179,0.21200191974639893,0.00028604010003618896,0.0010493529262021184
192.168.100.51,192.168.100.50,54287,3031,6,DoS,0.0102 seconds,0.7811978459358215,0.7811978459358215,0.005464786197990179,0.21200191974639893,0.00028604010003618896,0.0010493529262021184
192.168.100.51,192.168.100.50,54495,6101,6,DoS,0.0086 seconds,0.7421930432319641,0.7421930432319641,0.006216231733560562,0.2500654458999634,0.0003316403308417648,0.0011936456430703402
192.168.100.51,192.168.100.50,54496,5200,6,DoS,0.0117 seconds,0.5657029151916504,0.5657029151916504,0.006663797423243523,0.4255450963973999,0.00047255310346372426,0.0016157223144546151
192.168.100.50,192.168.100.51,2179,54697,6,BruteForce,0.0083 seconds,0.6565741896629333,0.34078964591026306,0.002311571966856718,0.6565741896629333,9.139296889770776e-05,0.0002331605355720967
192.168.100.51,192.168.100.50,54818,726,6,DoS,0.0084 seconds,0.7703363299369812,0.7703363299369812,0.005388805642724037,0.22295796871185303,0.0002820630616042763,0.001034763059578836
192.168.100.51,192.168.100.50,54819,2710,6,DoS,0.0079 seconds,0.5657029151916504,0.5657029151916504,0.006663797423243523,0.4255450963973999,0.00047255310346372426,0.0016157223144546151
192.168.100.51,192.168.100.50,54820,873,6,DoS,0.0150 seconds,0.748866856098175,0.748866856098175,0.006272128317505121,0.24332208931446075,0.000334622454829514,0.00120437890291214
192.168.100.51,192.168.100.50,55058,55600,6,DoS,0.0125 seconds,0.87604159116745,0.87604159116745,0.006266371812671423,0.11616075783967972,0.00032799685141071677,0.0012032735394313931
192.168.100.51,192.168.100.50,55270,1057,6,DoS,0.0109 seconds,0.5927744507789612,0.5927744507789612,0.007935364730656147,0.3972266912460327,0.0005397146451286972,0.0015237547922879457
192.168.100.51,192.168.100.50,55276,6346,6,DoS,0.0117 seconds,0.781970202922821,0.781970202922821,0.005445678252726793,0.2112606316804886,0.0002776518522296101,0.0010456833988428116
192.168.100.51,192.168.100.50,55278,443,6,DoS,0.0119 seconds,0.5657029151916504,0.5657029151916504,0.006663797423243523,0.4255450963973999,0.00047255310346372426,0.0016157223144546151
192.168.100.51,192.168.100.50,55279,8888,6,DoS,0.0126 seconds,0.5657029151916504,0.5657029151916504,0.006663797423243523,0.4255450963973999,0.00047255310346372426,0.0016157223144546151
192.168.100.51,192.168.100.50,55379,10215,6,DoS,0.0078 seconds,0.781960129737854,0.781960129737854,0.005445608403533697,0.2112579047679901,0.0002905270375777036,0.0010456698946654797
192.168.100.51,192.168.100.50,55389,8011,6,DoS,0.0088 seconds,0.5927744507789612,0.5927744507789612,0.007935364730656147,0.3972266912460327,0.0005397146451286972,0.0015237547922879457
192.168.100.51,192.168.100.50,55390,9485,6,DoS,0.0079 seconds,0.5927744507789612,0.5927744507789612,0.007935364730656147,0.3972266912460327,0.0005397146451286972,0.0015237547922879457
192.168.100.51,192.168.100.50,55547,1186,6,DoS,0.0080 seconds,0.5927744507789612,0.5927744507789612,0.007935364730656147,0.3972266912460327,0.0005397146451286972,0.0015237547922879457
192.168.100.51,192.168.100.50,55548,37,6,DoS,0.0093 seconds,0.5671735405921936,0.5671735405921936,0.00843618530780077,0.42229655385017395,0.00047378160525113344,0.0016199226956814528
192.168.100.51,192.168.100.50,55549,873,6,DoS,0.0119 seconds,0.5657029151916504,0.5657029151916504,0.006663797423243523,0.4255450963973999,0.00047255310346372426,0.0016157223144546151
192.168.100.51,192.168.100.50,55550,3476,6,DoS,0.0091 seconds,0.5657029151916504,0.5657029151916504,0.006663797423243523,0.4255450963973999,0.00047255310346372426,0.0016157223144546151
192.168.100.51,192.168.100.50,55589,9010,6,DoS,0.0116 seconds,0.679372251033783,0.679372251033783,0.005690076854079962,0.3134870231151581,0.0003580357297323644,0.0010926129762083292
192.168.100.51,192.168.100.50,55601,1687,6,DoS,0.0120 seconds,0.5671735405921936,0.5671735405921936,0.00843618530780077,0.42229655385017395,0.00047378160525113344,0.0016199226956814528
192.168.100.51,192.168.100.50,55667,10180,6,DoS,0.0085 seconds,0.679372251033783,0.679372251033783,0.005690076854079962,0.3134870231151581,0.0003580357297323644,0.0010926129762083292
192.168.100.50,192.168.100.51,3261,55671,6,BruteForce,0.0234 seconds,0.6565741896629333,0.34078964591026306,0.002311571966856718,0.6565741896629333,9.139296889770776e-05,0.0002331605355720967
192.168.100.51,192.168.100.50,55741,1310,6,DoS,0.0164 seconds,0.5671735405921936,0.5671735405921936,0.00843618530780077,0.42229655385017395,0.00047378160525113344,0.0016199226956814528
192.168.100.51,192.168.100.50,55761,1085,6,DoS,0.0244 seconds,0.5671735405921936,0.5671735405921936,0.00843618530780077,0.42229655385017395,0.00047378160525113344,0.0016199226956814528
192.168.100.51,192.168.100.50,55762,1094,6,DoS,0.0286 seconds,0.5671735405921936,0.5671735405921936,0.00843618530780077,0.42229655385017395,0.00047378160525113344,0.0016199226956814528
192.168.100.51,192.168.100.50,55763,10001,6,DoS,0.0243 seconds,0.5657029151916504,0.5657029151916504,0.006663797423243523,0.4255450963973999,0.00047255310346372426,0.0016157223144546151
192.168.100.51,192.168.100.50,55764,22939,6,DoS,0.0286 seconds,0.5657029151916504,0.5657029151916504,0.006663797423243523,0.4255450963973999,0.00047255310346372426,0.0016157223144546151
192.168.100.51,192.168.100.50,55765,5862,6,DoS,0.0230 seconds,0.5671735405921936,0.5671735405921936,0.00843618530780077,0.42229655385017395,0.00047378160525113344,0.0016199226956814528
192.168.100.51,192.168.100.50,55766,8031,6,DoS,0.0185 seconds,0.5657029151916504,0.5657029151916504,0.006663797423243523,0.4255450963973999,0.00047255310346372426,0.0016157223144546151
192.168.100.51,192.168.100.50,55767,1755,6,DoS,0.0255 seconds,0.5657029151916504,0.5657029151916504,0.006663797423243523,0.4255450963973999,0.00047255310346372426,0.0016157223144546151
192.168.100.51,192.168.100.50,55789,4443,6,DoS,0.0320 seconds,0.5927744507789612,0.5927744507789612,0.007935364730656147,0.3972266912460327,0.0005397146451286972,0.0015237547922879457
192.168.100.51,192.168.100.50,55790,125,6,DoS,0.0246 seconds,0.5657029151916504,0.5657029151916504,0.006663797423243523,0.4255450963973999,0.00047255310346372426,0.0016157223144546151
192.168.100.51,192.168.100.50,55791,1055,6,DoS,0.0450 seconds,0.5671735405921936,0.5671735405921936,0.00843618530780077,0.42229655385017395,0.00047378160525113344,0.0016199226956814528
192.168.100.51,192.168.100.50,55801,6059,6,DoS,0.0310 seconds,0.781970202922821,0.781970202922821,0.005445678252726793,0.2112606316804886,0.0002776518522296101,0.0010456833988428116
192.168.100.51,192.168.100.50,55853,6101,6,DoS,0.0254 seconds,0.781970202922821,0.781970202922821,0.005445678252726793,0.2112606316804886,0.0002776518522296101,0.0010456833988428116
192.168.100.51,192.168.100.50,55923,49158,6,DoS,0.0233 seconds,0.679372251033783,0.679372251033783,0.005690076854079962,0.3134870231151581,0.0003580357297323644,0.0010926129762083292
192.168.100.51,192.168.100.50,55943,1107,6,DoS,0.0285 seconds,0.592830240726471,0.592830240726471,0.007936110720038414,0.3972640633583069,0.0004456971073523164,0.0015238982159644365
192.168.100.51,192.168.100.50,56167,1113,6,DoS,0.0505 seconds,0.592830240726471,0.592830240726471,0.007936110720038414,0.3972640633583069,0.0004456971073523164,0.0015238982159644365
192.168.100.51,192.168.100.50,56250,18988,6,DoS,0.0137 seconds,0.5671735405921936,0.5671735405921936,0.00843618530780077,0.42229655385017395,0.00047378160525113344,0.0016199226956814528
192.168.100.51,192.168.100.50,56256,2135,6,DoS,0.0204 seconds,0.592830240726471,0.592830240726471,0.007936110720038414,0.3972640633583069,0.0004456971073523164,0.0015238982159644365
192.168.100.51,192.168.100.50,56257,1218,6,DoS,0.0145 seconds,0.5671735405921936,0.5671735405921936,0.00843618530780077,0.42229655385017395,0.00047378160525113344,0.0016199226956814528
192.168.100.51,192.168.100.50,56258,8333,6,DoS,0.0184 seconds,0.679372251033783,0.679372251033783,0.005690076854079962,0.3134870231151581,0.0003580357297323644,0.0010926129762083292
192.168.100.51,192.168.100.50,56259,50800,6,DoS,0.0111 seconds,0.5657029151916504,0.5657029151916504,0.006663797423243523,0.4255450963973999,0.00047255310346372426,0.0016157223144546151
192.168.100.51,192.168.100.50,56260,8087,6,DoS,0.0242 seconds,0.5657029151916504,0.5657029151916504,0.006663797423243523,0.4255450963973999,0.00047255310346372426,0.0016157223144546151
192.168.100.51,192.168.100.50,56261,7921,6,DoS,0.0377 seconds,0.5657029151916504,0.5657029151916504,0.006663797423243523,0.4255450963973999,0.00047255310346372426,0.0016157223144546151
192.168.100.51,192.168.100.50,56262,5730,6,DoS,0.0221 seconds,0.5657029151916504,0.5657029151916504,0.006663797423243523,0.4255450963973999,0.00047255310346372426,0.0016157223144546151
192.168.100.51,192.168.100.50,56263,2718,6,DoS,0.0301 seconds,0.5671735405921936,0.5671735405921936,0.00843618530780077,0.42229655385017395,0.00047378160525113344,0.0016199226956814528
192.168.100.51,192.168.100.50,56264,5910,6,DoS,0.0179 seconds,0.5671735405921936,0.5671735405921936,0.00843618530780077,0.42229655385017395,0.00047378160525113344,0.0016199226956814528
192.168.100.51,192.168.100.50,56265,146,6,DoS,0.0133 seconds,0.5927744507789612,0.5927744507789612,0.007935364730656147,0.3972266912460327,0.0005397146451286972,0.0015237547922879457
192.168.100.51,192.168.100.50,56266,2111,6,DoS,0.0174 seconds,0.5657029151916504,0.5657029151916504,0.006663797423243523,0.4255450963973999,0.00047255310346372426,0.0016157223144546151
192.168.100.51,192.168.100.50,56267,7004,6,DoS,0.0135 seconds,0.5671735405921936,0.5671735405921936,0.00843618530780077,0.42229655385017395,0.00047378160525113344,0.0016199226956814528
192.168.100.51,192.168.100.50,56331,7999,6,DoS,0.0106 seconds,0.592830240726471,0.592830240726471,0.007936110720038414,0.3972640633583069,0.0004456971073523164,0.0015238982159644365
192.168.100.51,192.168.100.50,56414,14442,6,DoS,0.0081 seconds,0.679372251033783,0.679372251033783,0.005690076854079962,0.3134870231151581,0.0003580357297323644,0.0010926129762083292
192.168.100.51,192.168.100.50,56452,6007,6,DoS,0.0108 seconds,0.5671735405921936,0.5671735405921936,0.00843618530780077,0.42229655385017395,0.00047378160525113344,0.0016199226956814528
192.168.100.51,192.168.100.50,56470,17877,6,DoS,0.0092 seconds,0.7421930432319641,0.7421930432319641,0.006216231733560562,0.2500654458999634,0.0003316403308417648,0.0011936456430703402
192.168.100.51,192.168.100.50,56523,981,6,DoS,0.0093 seconds,0.592830240726471,0.592830240726471,0.007936110720038414,0.3972640633583069,0.0004456971073523164,0.0015238982159644365
192.168.100.51,192.168.100.50,56524,25734,6,DoS,0.0124 seconds,0.781960129737854,0.781960129737854,0.005445608403533697,0.2112579047679901,0.0002905270375777036,0.0010456698946654797
192.168.100.51,192.168.100.50,56525,1095,6,DoS,0.0125 seconds,0.5657029151916504,0.5657029151916504,0.006663797423243523,0.4255450963973999,0.00047255310346372426,0.0016157223144546151
192.168.100.51,192.168.100.50,56526,2382,6,DoS,0.0135 seconds,0.5657029151916504,0.5657029151916504,0.006663797423243523,0.4255450963973999,0.00047255310346372426,0.0016157223144546151
192.168.100.51,192.168.100.50,56527,617,6,DoS,0.0121 seconds,0.5671735405921936,0.5671735405921936,0.00843618530780077,0.42229655385017395,0.00047378160525113344,0.0016199226956814528
192.168.100.51,192.168.100.50,56528,5900,6,DoS,0.0107 seconds,0.5671735405921936,0.5671735405921936,0.00843618530780077,0.42229655385017395,0.00047378160525113344,0.0016199226956814528
192.168.100.51,192.168.100.50,56529,8888,6,DoS,0.0122 seconds,0.5657029151916504,0.5657029151916504,0.006663797423243523,0.4255450963973999,0.00047255310346372426,0.0016157223144546151
192.168.100.51,192.168.100.50,56530,1025,6,DoS,0.0256 seconds,0.5671735405921936,0.5671735405921936,0.00843618530780077,0.42229655385017395,0.00047378160525113344,0.0016199226956814528
192.168.100.51,192.168.100.50,56531,993,6,DoS,0.0194 seconds,0.5657029151916504,0.5657029151916504,0.006663797423243523,0.4255450963973999,0.00047255310346372426,0.0016157223144546151
192.168.100.51,192.168.100.50,56534,554,6,DoS,0.0128 seconds,0.5657029151916504,0.5657029151916504,0.006663797423243523,0.4255450963973999,0.00047255310346372426,0.0016157223144546151
192.168.100.51,192.168.100.50,56535,995,6,DoS,0.0195 seconds,0.5657029151916504,0.5657029151916504,0.006663797423243523,0.4255450963973999,0.00047255310346372426,0.0016157223144546151
192.168.100.51,192.168.100.50,56536,53,6,DoS,0.0133 seconds,0.5927744507789612,0.5927744507789612,0.007935364730656147,0.3972266912460327,0.0005397146451286972,0.0015237547922879457
192.168.100.51,192.168.100.50,56537,3389,6,DoS,0.0159 seconds,0.5657029151916504,0.5657029151916504,0.006663797423243523,0.4255450963973999,0.00047255310346372426,0.0016157223144546151
192.168.100.51,192.168.100.50,56538,113,6,DoS,0.0188 seconds,0.5671735405921936,0.5671735405921936,0.00843618530780077,0.42229655385017395,0.00047378160525113344,0.0016199226956814528
192.168.100.51,192.168.100.50,56632,49400,6,DoS,0.0107 seconds,0.5671735405921936,0.5671735405921936,0.00843618530780077,0.42229655385017395,0.00047378160525113344,0.0016199226956814528
192.168.100.51,192.168.100.50,56688,6580,6,DoS,0.0153 seconds,0.781960129737854,0.781960129737854,0.005445608403533697,0.2112579047679901,0.0002905270375777036,0.0010456698946654797
192.168.100.51,192.168.100.50,56814,49167,6,DoS,0.0267 seconds,0.87604159116745,0.87604159116745,0.006266371812671423,0.11616075783967972,0.00032799685141071677,0.0012032735394313931
192.168.100.51,192.168.100.50,57009,6502,6,DoS,0.0301 seconds,0.7556105256080627,0.7556105256080627,0.005734333768486977,0.23725393414497375,0.0003001487348228693,0.0011011112947016954
192.168.100.50,192.168.100.51,10180,57038,6,BruteForce,0.0237 seconds,0.6565741896629333,0.34078964591026306,0.002311571966856718,0.6565741896629333,9.139296889770776e-05,0.0002331605355720967
192.168.100.51,192.168.100.50,57262,1030,6,DoS,0.0144 seconds,0.8674269318580627,0.8674269318580627,0.0067018684931099415,0.12423359602689743,0.00035079161170870066,0.0012868973426520824
192.168.100.51,192.168.100.50,57263,8254,6,DoS,0.0189 seconds,0.5671735405921936,0.5671735405921936,0.00843618530780077,0.42229655385017395,0.00047378160525113344,0.0016199226956814528
192.168.100.51,192.168.100.50,57264,2875,6,DoS,0.0184 seconds,0.781970202922821,0.781970202922821,0.005445678252726793,0.2112606316804886,0.0002776518522296101,0.0010456833988428116
192.168.100.51,192.168.100.50,57530,524,6,DoS,0.0174 seconds,0.8674269318580627,0.8674269318580627,0.0067018684931099415,0.12423359602689743,0.00035079161170870066,0.0012868973426520824
192.168.100.51,192.168.100.50,57531,25,6,DoS,0.0228 seconds,0.7703363299369812,0.7703363299369812,0.005388805642724037,0.22295796871185303,0.0002820630616042763,0.001034763059578836
192.168.100.51,192.168.100.50,57532,135,6,DoS,0.0187 seconds,0.5657029151916504,0.5657029151916504,0.006663797423243523,0.4255450963973999,0.00047255310346372426,0.0016157223144546151
192.168.100.51,192.168.100.50,57533,443,6,DoS,0.0342 seconds,0.748866856098175,0.748866856098175,0.006272128317505121,0.24332208931446075,0.000334622454829514,0.00120437890291214
192.168.100.51,192.168.100.50,57534,1720,6,DoS,0.0249 seconds,0.5657029151916504,0.5657029151916504,0.006663797423243523,0.4255450963973999,0.00047255310346372426,0.0016157223144546151
192.168.100.51,192.168.100.50,57535,554,6,DoS,0.0181 seconds,0.5657029151916504,0.5657029151916504,0.006663797423243523,0.4255450963973999,0.00047255310346372426,0.0016157223144546151
192.168.100.51,192.168.100.50,58012,17,6,DoS,0.0381 seconds,0.679372251033783,0.679372251033783,0.005690076854079962,0.3134870231151581,0.0003580357297323644,0.0010926129762083292
192.168.100.51,192.168.100.50,58013,2222,6,DoS,0.0206 seconds,0.5657029151916504,0.5657029151916504,0.006663797423243523,0.4255450963973999,0.00047255310346372426,0.0016157223144546151
192.168.100.51,192.168.100.50,58014,9594,6,DoS,0.0154 seconds,0.5657029151916504,0.5657029151916504,0.006663797423243523,0.4255450963973999,0.00047255310346372426,0.0016157223144546151
192.168.100.51,192.168.100.50,58015,5666,6,DoS,0.0300 seconds,0.5657029151916504,0.5657029151916504,0.006663797423243523,0.4255450963973999,0.00047255310346372426,0.0016157223144546151
192.168.100.51,192.168.100.50,58016,1060,6,DoS,0.0268 seconds,0.5657029151916504,0.5657029151916504,0.006663797423243523,0.4255450963973999,0.00047255310346372426,0.0016157223144546151
192.168.100.50,192.168.100.51,1201,58109,6,BruteForce,0.0328 seconds,0.6565741896629333,0.34078964591026306,0.002311571966856718,0.6565741896629333,9.139296889770776e-05,0.0002331605355720967
192.168.100.51,192.168.100.50,58201,481,6,DoS,0.0199 seconds,0.8649995923042297,0.8649995923042297,0.007213284261524677,0.12602445483207703,0.000377560529159382,0.001385100418701768
192.168.100.51,192.168.100.50,58202,20222,6,DoS,0.0169 seconds,0.8649995923042297,0.8649995923042297,0.007213284261524677,0.12602445483207703,0.000377560529159382,0.001385100418701768
192.168.100.51,192.168.100.50,58263,545,6,DoS,0.0156 seconds,0.5927744507789612,0.5927744507789612,0.007935364730656147,0.3972266912460327,0.0005397146451286972,0.0015237547922879457
192.168.100.51,192.168.100.50,58476,512,6,DoS,0.0207 seconds,0.7703363299369812,0.7703363299369812,0.005388805642724037,0.22295796871185303,0.0002820630616042763,0.001034763059578836
192.168.100.51,192.168.100.50,58477,20,6,DoS,0.0137 seconds,0.7421930432319641,0.7421930432319641,0.006216231733560562,0.2500654458999634,0.0003316403308417648,0.0011936456430703402
192.168.100.51,192.168.100.50,58478,726,6,DoS,0.0221 seconds,0.5657029151916504,0.5657029151916504,0.006663797423243523,0.4255450963973999,0.00047255310346372426,0.0016157223144546151
192.168.100.51,192.168.100.50,58479,6100,6,DoS,0.0309 seconds,0.5657029151916504,0.5657029151916504,0.006663797423243523,0.4255450963973999,0.00047255310346372426,0.0016157223144546151
192.168.100.51,192.168.100.50,58480,9102,6,DoS,0.0319 seconds,0.5657029151916504,0.5657029151916504,0.006663797423243523,0.4255450963973999,0.00047255310346372426,0.0016157223144546151
192.168.100.51,192.168.100.50,58481,1049,6,DoS,0.0162 seconds,0.5657029151916504,0.5657029151916504,0.006663797423243523,0.4255450963973999,0.00047255310346372426,0.0016157223144546151
192.168.100.51,192.168.100.50,58482,8084,6,DoS,0.0130 seconds,0.5657029151916504,0.5657029151916504,0.006663797423243523,0.4255450963973999,0.00047255310346372426,0.0016157223144546151
192.168.100.51,192.168.100.50,58483,3390,6,DoS,0.0172 seconds,0.5657029151916504,0.5657029151916504,0.006663797423243523,0.4255450963973999,0.00047255310346372426,0.0016157223144546151
192.168.100.51,192.168.100.50,58484,10009,6,DoS,0.0155 seconds,0.5657029151916504,0.5657029151916504,0.006663797423243523,0.4255450963973999,0.00047255310346372426,0.0016157223144546151
192.168.100.51,192.168.100.50,58485,5962,6,DoS,0.0152 seconds,0.5657029151916504,0.5657029151916504,0.006663797423243523,0.4255450963973999,0.00047255310346372426,0.0016157223144546151
192.168.100.51,192.168.100.50,58486,50006,6,DoS,0.0162 seconds,0.5657029151916504,0.5657029151916504,0.006663797423243523,0.4255450963973999,0.00047255310346372426,0.0016157223144546151
192.168.100.51,192.168.100.50,58529,19350,6,DoS,0.0205 seconds,0.781970202922821,0.781970202922821,0.005445678252726793,0.2112606316804886,0.0002776518522296101,0.0010456833988428116
192.168.100.51,192.168.100.50,58530,19350,6,DoS,0.0122 seconds,0.5657029151916504,0.5657029151916504,0.006663797423243523,0.4255450963973999,0.00047255310346372426,0.0016157223144546151
192.168.100.51,192.168.100.50,58531,199,6,DoS,0.0192 seconds,0.781970202922821,0.781970202922821,0.005445678252726793,0.2112606316804886,0.0002776518522296101,0.0010456833988428116
192.168.100.51,192.168.100.50,58533,995,6,DoS,0.0269 seconds,0.5671735405921936,0.5671735405921936,0.00843618530780077,0.42229655385017395,0.00047378160525113344,0.0016199226956814528
192.168.100.51,192.168.100.50,58534,8080,6,DoS,0.0274 seconds,0.5657029151916504,0.5657029151916504,0.006663797423243523,0.4255450963973999,0.00047255310346372426,0.0016157223144546151
192.168.100.51,192.168.100.50,58535,1720,6,DoS,0.0549 seconds,0.5657029151916504,0.5657029151916504,0.006663797423243523,0.4255450963973999,0.00047255310346372426,0.0016157223144546151
192.168.100.51,192.168.100.50,58536,143,6,DoS,0.0198 seconds,0.5657029151916504,0.5657029151916504,0.006663797423243523,0.4255450963973999,0.00047255310346372426,0.0016157223144546151
192.168.100.51,192.168.100.50,58538,53,6,DoS,0.0309 seconds,0.5657029151916504,0.5657029151916504,0.006663797423243523,0.4255450963973999,0.00047255310346372426,0.0016157223144546151
192.168.100.51,192.168.100.50,58639,49160,6,DoS,0.0487 seconds,0.592830240726471,0.592830240726471,0.007936110720038414,0.3972640633583069,0.0004456971073523164,0.0015238982159644365
192.168.100.51,192.168.100.50,58655,49176,6,DoS,0.0458 seconds,0.781970202922821,0.781970202922821,0.005445678252726793,0.2112606316804886,0.0002776518522296101,0.0010456833988428116
192.168.100.51,192.168.100.50,58931,1494,6,DoS,0.0294 seconds,0.781970202922821,0.781970202922821,0.005445678252726793,0.2112606316804886,0.0002776518522296101,0.0010456833988428116
192.168.100.51,192.168.100.50,58932,2121,6,DoS,0.0270 seconds,0.5657029151916504,0.5657029151916504,0.006663797423243523,0.4255450963973999,0.00047255310346372426,0.0016157223144546151
192.168.100.51,192.168.100.50,58933,15742,6,DoS,0.0281 seconds,0.5657029151916504,0.5657029151916504,0.006663797423243523,0.4255450963973999,0.00047255310346372426,0.0016157223144546151
192.168.100.51,192.168.100.50,58934,1500,6,DoS,0.0396 seconds,0.5657029151916504,0.5657029151916504,0.006663797423243523,0.4255450963973999,0.00047255310346372426,0.0016157223144546151
192.168.100.51,192.168.100.50,58935,32769,6,DoS,0.0253 seconds,0.5657029151916504,0.5657029151916504,0.006663797423243523,0.4255450963973999,0.00047255310346372426,0.0016157223144546151
192.168.100.51,192.168.100.50,58936,1433,6,DoS,0.0157 seconds,0.5657029151916504,0.5657029151916504,0.006663797423243523,0.4255450963973999,0.00047255310346372426,0.0016157223144546151
192.168.100.51,192.168.100.50,59008,44176,6,DoS,0.0230 seconds,0.5671735405921936,0.5671735405921936,0.00843618530780077,0.42229655385017395,0.00047378160525113344,0.0016199226956814528
192.168.100.51,192.168.100.50,59122,5810,6,DoS,0.0241 seconds,0.781970202922821,0.781970202922821,0.005445678252726793,0.2112606316804886,0.0002776518522296101,0.0010456833988428116
192.168.100.51,192.168.100.50,59123,1272,6,DoS,0.0321 seconds,0.5927744507789612,0.5927744507789612,0.007935364730656147,0.3972266912460327,0.0005397146451286972,0.0015237547922879457
192.168.100.51,192.168.100.50,59124,9618,6,DoS,0.0315 seconds,0.5657029151916504,0.5657029151916504,0.006663797423243523,0.4255450963973999,0.00047255310346372426,0.0016157223144546151
192.168.100.51,192.168.100.50,59125,1031,6,DoS,0.0322 seconds,0.5657029151916504,0.5657029151916504,0.006663797423243523,0.4255450963973999,0.00047255310346372426,0.0016157223144546151
192.168.100.51,192.168.100.50,59313,5822,6,DoS,0.0350 seconds,0.781970202922821,0.781970202922821,0.005445678252726793,0.2112606316804886,0.0002776518522296101,0.0010456833988428116
192.168.100.51,192.168.100.50,59314,15003,6,DoS,0.0582 seconds,0.781960129737854,0.781960129737854,0.005445608403533697,0.2112579047679901,0.0002905270375777036,0.0010456698946654797
192.168.100.51,192.168.100.50,59315,1233,6,DoS,0.0342 seconds,0.5657029151916504,0.5657029151916504,0.006663797423243523,0.4255450963973999,0.00047255310346372426,0.0016157223144546151
192.168.100.51,192.168.100.50,59519,7025,6,DoS,0.0662 seconds,0.5927744507789612,0.5927744507789612,0.007935364730656147,0.3972266912460327,0.0005397146451286972,0.0015237547922879457
192.168.100.51,192.168.100.50,59520,9050,6,DoS,0.0357 seconds,0.5671735405921936,0.5671735405921936,0.00843618530780077,0.42229655385017395,0.00047378160525113344,0.0016199226956814528
192.168.100.51,192.168.100.50,59521,84,6,DoS,0.0254 seconds,0.679372251033783,0.679372251033783,0.005690076854079962,0.3134870231151581,0.0003580357297323644,0.0010926129762083292
192.168.100.51,192.168.100.50,59522,1287,6,DoS,0.0273 seconds,0.5671735405921936,0.5671735405921936,0.00843618530780077,0.42229655385017395,0.00047378160525113344,0.0016199226956814528
192.168.100.51,192.168.100.50,59535,3986,6,DoS,0.0226 seconds,0.679372251033783,0.679372251033783,0.005690076854079962,0.3134870231151581,0.0003580357297323644,0.0010926129762083292
192.168.100.51,192.168.100.50,59536,3986,6,DoS,0.0165 seconds,0.5657029151916504,0.5657029151916504,0.006663797423243523,0.4255450963973999,0.00047255310346372426,0.0016157223144546151
192.168.100.51,192.168.100.50,59645,1666,6,DoS,0.0216 seconds,0.7421930432319641,0.7421930432319641,0.006216231733560562,0.2500654458999634,0.0003316403308417648,0.0011936456430703402
192.168.100.51,192.168.100.50,59896,10243,6,DoS,0.0306 seconds,0.5927744507789612,0.5927744507789612,0.007935364730656147,0.3972266912460327,0.0005397146451286972,0.0015237547922879457
192.168.100.51,192.168.100.50,59897,50800,6,DoS,0.0315 seconds,0.781960129737854,0.781960129737854,0.005445608403533697,0.2112579047679901,0.0002905270375777036,0.0010456698946654797
192.168.100.51,192.168.100.50,59975,2020,6,DoS,0.0728 seconds,0.781960129737854,0.781960129737854,0.005445608403533697,0.2112579047679901,0.0002905270375777036,0.0010456698946654797
192.168.100.51,192.168.100.50,60210,15000,6,DoS,0.0223 seconds,0.679372251033783,0.679372251033783,0.005690076854079962,0.3134870231151581,0.0003580357297323644,0.0010926129762083292
192.168.100.51,192.168.100.50,60211,8443,6,DoS,0.0203 seconds,0.781970202922821,0.781970202922821,0.005445678252726793,0.2112606316804886,0.0002776518522296101,0.0010456833988428116
192.168.100.51,192.168.100.50,60212,5414,6,DoS,0.0315 seconds,0.5657029151916504,0.5657029151916504,0.006663797423243523,0.4255450963973999,0.00047255310346372426,0.0016157223144546151
192.168.100.51,192.168.100.50,60213,8084,6,DoS,0.0191 seconds,0.87604159116745,0.87604159116745,0.006266371812671423,0.11616075783967972,0.00032799685141071677,0.0012032735394313931
192.168.100.51,192.168.100.50,60214,1106,6,DoS,0.0315 seconds,0.5671735405921936,0.5671735405921936,0.00843618530780077,0.42229655385017395,0.00047378160525113344,0.0016199226956814528
192.168.100.51,192.168.100.50,60215,8009,6,DoS,0.0230 seconds,0.5927744507789612,0.5927744507789612,0.007935364730656147,0.3972266912460327,0.0005397146451286972,0.0015237547922879457
192.168.100.50,192.168.100.51,8500,60285,6,BruteForce,0.0407 seconds,0.6565741896629333,0.34078964591026306,0.002311571966856718,0.6565741896629333,9.139296889770776e-05,0.0002331605355720967
192.168.100.51,192.168.100.50,60394,7741,6,DoS,0.0197 seconds,0.679372251033783,0.679372251033783,0.005690076854079962,0.3134870231151581,0.0003580357297323644,0.0010926129762083292
192.168.100.51,192.168.100.50,60456,1114,6,DoS,0.0234 seconds,0.679372251033783,0.679372251033783,0.005690076854079962,0.3134870231151581,0.0003580357297323644,0.0010926129762083292
192.168.100.51,192.168.100.50,60457,3800,6,DoS,0.0268 seconds,0.699413537979126,0.699413537979126,0.005857932381331921,0.29323506355285645,0.0003685976844280958,0.0011248447699472308
192.168.100.51,192.168.100.50,60458,5544,6,DoS,0.0206 seconds,0.5657029151916504,0.5657029151916504,0.006663797423243523,0.4255450963973999,0.00047255310346372426,0.0016157223144546151
192.168.100.51,192.168.100.50,60459,465,6,DoS,0.0323 seconds,0.5927744507789612,0.5927744507789612,0.007935364730656147,0.3972266912460327,0.0005397146451286972,0.0015237547922879457
192.168.100.51,192.168.100.50,60527,1066,6,DoS,0.0197 seconds,0.5927744507789612,0.5927744507789612,0.007935364730656147,0.3972266912460327,0.0005397146451286972,0.0015237547922879457
192.168.100.51,192.168.100.50,60537,5903,6,DoS,0.0313 seconds,0.5927744507789612,0.5927744507789612,0.007935364730656147,0.3972266912460327,0.0005397146451286972,0.0015237547922879457
192.168.100.51,192.168.100.50,60538,5903,6,DoS,0.0284 seconds,0.5657029151916504,0.5657029151916504,0.006663797423243523,0.4255450963973999,0.00047255310346372426,0.0016157223144546151
192.168.100.51,192.168.100.50,60540,113,6,DoS,0.0196 seconds,0.781970202922821,0.781970202922821,0.005445678252726793,0.2112606316804886,0.0002776518522296101,0.0010456833988428116
192.168.100.51,192.168.100.50,60541,139,6,DoS,0.0214 seconds,0.7703363299369812,0.7703363299369812,0.005388805642724037,0.22295796871185303,0.0002820630616042763,0.001034763059578836
192.168.100.50,192.168.100.51,1102,60886,6,BruteForce,0.0161 seconds,0.6565741896629333,0.34078964591026306,0.002311571966856718,0.6565741896629333,9.139296889770776e-05,0.0002331605355720967
192.168.100.51,192.168.100.50,60894,1248,6,DoS,0.0315 seconds,0.7703363299369812,0.7703363299369812,0.005388805642724037,0.22295796871185303,0.0002820630616042763,0.001034763059578836
192.168.100.51,192.168.100.50,60895,8000,6,DoS,0.0609 seconds,0.781960129737854,0.781960129737854,0.005445608403533697,0.2112579047679901,0.0002905270375777036,0.0010456698946654797
192.168.100.51,192.168.100.50,60896,16080,6,DoS,0.0206 seconds,0.781970202922821,0.781970202922821,0.005445678252726793,0.2112606316804886,0.0002776518522296101,0.0010456833988428116
192.168.100.51,192.168.100.50,60897,3689,6,DoS,0.0239 seconds,0.5657029151916504,0.5657029151916504,0.006663797423243523,0.4255450963973999,0.00047255310346372426,0.0016157223144546151
192.168.100.50,192.168.100.51,900,60938,6,BruteForce,0.0177 seconds,0.6565741896629333,0.34078964591026306,0.002311571966856718,0.6565741896629333,9.139296889770776e-05,0.0002331605355720967
192.168.100.51,192.168.100.50,61167,6389,6,DoS,0.0225 seconds,0.87604159116745,0.87604159116745,0.006266371812671423,0.11616075783967972,0.00032799685141071677,0.0012032735394313931
192.168.100.51,192.168.100.50,61168,161,6,DoS,0.0332 seconds,0.7703363299369812,0.7703363299369812,0.005388805642724037,0.22295796871185303,0.0002820630616042763,0.001034763059578836
192.168.100.51,192.168.100.50,61169,3370,6,DoS,0.0341 seconds,0.781970202922821,0.781970202922821,0.005445678252726793,0.2112606316804886,0.0002776518522296101,0.0010456833988428116
192.168.100.51,192.168.100.50,61344,1900,6,DoS,0.0206 seconds,0.7811978459358215,0.7811978459358215,0.005464786197990179,0.21200191974639893,0.00028604010003618896,0.0010493529262021184
192.168.100.51,192.168.100.50,61345,2366,6,DoS,0.0269 seconds,0.7703363299369812,0.7703363299369812,0.005388805642724037,0.22295796871185303,0.0002820630616042763,0.001034763059578836
192.168.100.51,192.168.100.50,61542,50636,6,DoS,0.0154 seconds,0.8674269318580627,0.8674269318580627,0.0067018684931099415,0.12423359602689743,0.00035079161170870066,0.0012868973426520824
192.168.100.51,192.168.100.50,61543,25,6,DoS,0.0319 seconds,0.7703363299369812,0.7703363299369812,0.005388805642724037,0.22295796871185303,0.0002820630616042763,0.001034763059578836
192.168.100.51,192.168.100.50,61544,256,6,DoS,0.0165 seconds,0.5657029151916504,0.5657029151916504,0.006663797423243523,0.4255450963973999,0.00047255310346372426,0.0016157223144546151
192.168.100.51,192.168.100.50,61679,55055,6,DoS,0.0213 seconds,0.781970202922821,0.781970202922821,0.005445678252726793,0.2112606316804886,0.0002776518522296101,0.0010456833988428116
192.168.100.51,192.168.100.50,61963,2608,6,DoS,0.0220 seconds,0.679372251033783,0.679372251033783,0.005690076854079962,0.3134870231151581,0.0003580357297323644,0.0010926129762083292
192.168.100.51,192.168.100.50,61964,18101,6,DoS,0.0150 seconds,0.87604159116745,0.87604159116745,0.006266371812671423,0.11616075783967972,0.00032799685141071677,0.0012032735394313931
192.168.100.51,192.168.100.50,62193,705,6,DoS,0.0270 seconds,0.781960129737854,0.781960129737854,0.005445608403533697,0.2112579047679901,0.0002905270375777036,0.0010456698946654797
192.168.100.51,192.168.100.50,62194,8181,6,DoS,0.0385 seconds,0.781970202922821,0.781970202922821,0.005445678252726793,0.2112606316804886,0.0002776518522296101,0.0010456833988428116
192.168.100.51,192.168.100.50,62195,5298,6,DoS,0.0242 seconds,0.7703363299369812,0.7703363299369812,0.005388805642724037,0.22295796871185303,0.0002820630616042763,0.001034763059578836
192.168.100.51,192.168.100.50,62196,13722,6,DoS,0.0266 seconds,0.5671735405921936,0.5671735405921936,0.00843618530780077,0.42229655385017395,0.00047378160525113344,0.0016199226956814528
192.168.100.51,192.168.100.50,62197,10003,6,DoS,0.0198 seconds,0.5657029151916504,0.5657029151916504,0.006663797423243523,0.4255450963973999,0.00047255310346372426,0.0016157223144546151
192.168.100.51,192.168.100.50,62203,617,6,DoS,0.0163 seconds,0.781960129737854,0.781960129737854,0.005445608403533697,0.2112579047679901,0.0002905270375777036,0.0010456698946654797
192.168.100.51,192.168.100.50,62213,4343,6,DoS,0.0177 seconds,0.679372251033783,0.679372251033783,0.005690076854079962,0.3134870231151581,0.0003580357297323644,0.0010926129762083292
192.168.100.50,192.168.100.51,1105,62347,6,BruteForce,0.0139 seconds,0.6565741896629333,0.34078964591026306,0.002311571966856718,0.6565741896629333,9.139296889770776e-05,0.0002331605355720967
192.168.100.50,192.168.100.51,9929,62480,6,BruteForce,0.0121 seconds,0.6565741896629333,0.34078964591026306,0.002311571966856718,0.6565741896629333,9.139296889770776e-05,0.0002331605355720967
192.168.100.51,192.168.100.50,62547,9500,6,DoS,0.0079 seconds,0.87604159116745,0.87604159116745,0.006266371812671423,0.11616075783967972,0.00032799685141071677,0.0012032735394313931
192.168.100.51,192.168.100.50,62548,9500,6,DoS,0.0179 seconds,0.5671735405921936,0.5671735405921936,0.00843618530780077,0.42229655385017395,0.00047378160525113344,0.0016199226956814528
192.168.100.51,192.168.100.50,62549,3389,6,DoS,0.0198 seconds,0.8674269318580627,0.8674269318580627,0.0067018684931099415,0.12423359602689743,0.00035079161170870066,0.0012868973426520824
192.168.100.51,192.168.100.50,62550,445,6,DoS,0.0106 seconds,0.5671735405921936,0.5671735405921936,0.00843618530780077,0.42229655385017395,0.00047378160525113344,0.0016199226956814528
192.168.100.51,192.168.100.50,62829,6839,6,DoS,0.0122 seconds,0.748866856098175,0.748866856098175,0.006272128317505121,0.24332208931446075,0.000334622454829514,0.00120437890291214
192.168.100.51,192.168.100.50,62830,563,6,DoS,0.0200 seconds,0.5657029151916504,0.5657029151916504,0.006663797423243523,0.4255450963973999,0.00047255310346372426,0.0016157223144546151
192.168.100.51,192.168.100.50,63066,5087,6,DoS,0.0195 seconds,0.5927744507789612,0.5927744507789612,0.007935364730656147,0.3972266912460327,0.0005397146451286972,0.0015237547922879457
192.168.100.51,192.168.100.50,63067,1236,6,DoS,0.0290 seconds,0.679372251033783,0.679372251033783,0.005690076854079962,0.3134870231151581,0.0003580357297323644,0.0010926129762083292
192.168.100.51,192.168.100.50,63068,6901,6,DoS,0.0195 seconds,0.5657029151916504,0.5657029151916504,0.006663797423243523,0.4255450963973999,0.00047255310346372426,0.0016157223144546151
192.168.100.51,192.168.100.50,63237,880,6,DoS,0.0169 seconds,0.679372251033783,0.679372251033783,0.005690076854079962,0.3134870231151581,0.0003580357297323644,0.0010926129762083292
192.168.100.51,192.168.100.50,63437,5190,6,DoS,0.0136 seconds,0.748866856098175,0.748866856098175,0.006272128317505121,0.24332208931446075,0.000334622454829514,0.00120437890291214
192.168.100.51,192.168.100.50,63438,783,6,DoS,0.0231 seconds,0.5657029151916504,0.5657029151916504,0.006663797423243523,0.4255450963973999,0.00047255310346372426,0.0016157223144546151
192.168.100.51,192.168.100.50,63439,500,6,DoS,0.0298 seconds,0.5927744507789612,0.5927744507789612,0.007935364730656147,0.3972266912460327,0.0005397146451286972,0.0015237547922879457
192.168.100.51,192.168.100.50,63440,1053,6,DoS,0.0121 seconds,0.5657029151916504,0.5657029151916504,0.006663797423243523,0.4255450963973999,0.00047255310346372426,0.0016157223144546151
192.168.100.51,192.168.100.50,63487,52673,6,DoS,0.0303 seconds,0.5927744507789612,0.5927744507789612,0.007935364730656147,0.3972266912460327,0.0005397146451286972,0.0015237547922879457
192.168.100.50,192.168.100.51,8011,63527,6,BruteForce,0.0282 seconds,0.6565741896629333,0.34078964591026306,0.002311571966856718,0.6565741896629333,9.139296889770776e-05,0.0002331605355720967
192.168.100.50,192.168.100.51,2045,63636,6,BruteForce,0.0153 seconds,0.6565741896629333,0.34078964591026306,0.002311571966856718,0.6565741896629333,9.139296889770776e-05,0.0002331605355720967
192.168.100.51,192.168.100.50,63663,49155,6,DoS,0.0162 seconds,0.781970202922821,0.781970202922821,0.005445678252726793,0.2112606316804886,0.0002776518522296101,0.0010456833988428116
192.168.100.50,192.168.100.51,100,63729,6,BruteForce,0.0180 seconds,0.6565741896629333,0.34078964591026306,0.002311571966856718,0.6565741896629333,9.139296889770776e-05,0.0002331605355720967
192.168.100.51,192.168.100.50,63779,5900,6,DoS,0.0167 seconds,0.7703363299369812,0.7703363299369812,0.005388805642724037,0.22295796871185303,0.0002820630616042763,0.001034763059578836
192.168.100.51,192.168.100.50,63803,993,6,DoS,0.0205 seconds,0.781970202922821,0.781970202922821,0.005445678252726793,0.2112606316804886,0.0002776518522296101,0.0010456833988428116
192.168.100.51,192.168.100.50,63895,163,6,DoS,0.0120 seconds,0.781970202922821,0.781970202922821,0.005445678252726793,0.2112606316804886,0.0002776518522296101,0.0010456833988428116
192.168.100.51,192.168.100.50,64185,9943,6,DoS,0.0080 seconds,0.5927744507789612,0.5927744507789612,0.007935364730656147,0.3972266912460327,0.0005397146451286972,0.0015237547922879457
192.168.100.51,192.168.100.50,64186,3527,6,DoS,0.0143 seconds,0.679372251033783,0.679372251033783,0.005690076854079962,0.3134870231151581,0.0003580357297323644,0.0010926129762083292
192.168.100.51,192.168.100.50,64187,1862,6,DoS,0.0182 seconds,0.5657029151916504,0.5657029151916504,0.006663797423243523,0.4255450963973999,0.00047255310346372426,0.0016157223144546151
192.168.100.51,192.168.100.50,64188,3005,6,DoS,0.0159 seconds,0.5657029151916504,0.5657029151916504,0.006663797423243523,0.4255450963973999,0.00047255310346372426,0.0016157223144546151
192.168.100.51,192.168.100.50,64189,2811,6,DoS,0.0129 seconds,0.7703363299369812,0.7703363299369812,0.005388805642724037,0.22295796871185303,0.0002820630616042763,0.001034763059578836
192.168.100.51,192.168.100.50,64190,50389,6,DoS,0.0116 seconds,0.5657029151916504,0.5657029151916504,0.006663797423243523,0.4255450963973999,0.00047255310346372426,0.0016157223144546151
192.168.100.51,192.168.100.50,64191,7937,6,DoS,0.0123 seconds,0.5671735405921936,0.5671735405921936,0.00843618530780077,0.42229655385017395,0.00047378160525113344,0.0016199226956814528
192.168.100.51,192.168.100.50,64192,8383,6,DoS,0.0126 seconds,0.5657029151916504,0.5657029151916504,0.006663797423243523,0.4255450963973999,0.00047255310346372426,0.0016157223144546151
192.168.100.51,192.168.100.50,64193,902,6,DoS,0.0091 seconds,0.5671735405921936,0.5671735405921936,0.00843618530780077,0.42229655385017395,0.00047378160525113344,0.0016199226956814528
192.168.100.51,192.168.100.50,64194,9900,6,DoS,0.0083 seconds,0.5657029151916504,0.5657029151916504,0.006663797423243523,0.4255450963973999,0.00047255310346372426,0.0016157223144546151
192.168.100.51,192.168.100.50,64195,1126,6,DoS,0.0109 seconds,0.5657029151916504,0.5657029151916504,0.006663797423243523,0.4255450963973999,0.00047255310346372426,0.0016157223144546151
192.168.100.51,192.168.100.50,64196,44176,6,DoS,0.0168 seconds,0.5657029151916504,0.5657029151916504,0.006663797423243523,0.4255450963973999,0.00047255310346372426,0.0016157223144546151
192.168.100.51,192.168.100.50,64225,3390,6,DoS,0.0136 seconds,0.781960129737854,0.781960129737854,0.005445608403533697,0.2112579047679901,0.0002905270375777036,0.0010456698946654797
192.168.100.51,192.168.100.50,64324,787,6,DoS,0.0176 seconds,0.781970202922821,0.781970202922821,0.005445678252726793,0.2112606316804886,0.0002776518522296101,0.0010456833988428116
192.168.100.51,192.168.100.50,64325,2301,6,DoS,0.0204 seconds,0.7421930432319641,0.7421930432319641,0.006216231733560562,0.2500654458999634,0.0003316403308417648,0.0011936456430703402
192.168.100.51,192.168.100.50,64361,9502,6,DoS,0.0138 seconds,0.7703363299369812,0.7703363299369812,0.005388805642724037,0.22295796871185303,0.0002820630616042763,0.001034763059578836
192.168.100.50,192.168.100.51,1071,64379,6,BruteForce,0.0181 seconds,0.6565741896629333,0.34078964591026306,0.002311571966856718,0.6565741896629333,9.139296889770776e-05,0.0002331605355720967
192.168.100.51,192.168.100.50,64490,6346,6,DoS,0.0121 seconds,0.592830240726471,0.592830240726471,0.007936110720038414,0.3972640633583069,0.0004456971073523164,0.0015238982159644365
192.168.100.51,192.168.100.50,64491,1556,6,DoS,0.0157 seconds,0.87604159116745,0.87604159116745,0.006266371812671423,0.11616075783967972,0.00032799685141071677,0.0012032735394313931
192.168.100.51,192.168.100.50,64492,801,6,DoS,0.0147 seconds,0.5671735405921936,0.5671735405921936,0.00843618530780077,0.42229655385017395,0.00047378160525113344,0.0016199226956814528
192.168.100.51,192.168.100.50,64854,1111,6,DoS,0.0143 seconds,0.679372251033783,0.679372251033783,0.005690076854079962,0.3134870231151581,0.0003580357297323644,0.0010926129762083292
192.168.100.51,192.168.100.50,64893,8022,6,DoS,0.0100 seconds,0.781970202922821,0.781970202922821,0.005445678252726793,0.2112606316804886,0.0002776518522296101,0.0010456833988428116
192.168.100.51,192.168.100.50,64894,57294,6,DoS,0.0196 seconds,0.781970202922821,0.781970202922821,0.005445678252726793,0.2112606316804886,0.0002776518522296101,0.0010456833988428116
192.168.100.51,192.168.100.50,64895,301,6,DoS,0.0232 seconds,0.5671735405921936,0.5671735405921936,0.00843618530780077,0.42229655385017395,0.00047378160525113344,0.0016199226956814528
192.168.100.51,192.168.100.50,64896,515,6,DoS,0.0213 seconds,0.5927744507789612,0.5927744507789612,0.007935364730656147,0.3972266912460327,0.0005397146451286972,0.0015237547922879457
192.168.100.51,192.168.100.50,64897,1718,6,DoS,0.0253 seconds,0.5657029151916504,0.5657029151916504,0.006663797423243523,0.4255450963973999,0.00047255310346372426,0.0016157223144546151
192.168.100.51,192.168.100.50,64898,55056,6,DoS,0.0267 seconds,0.5657029151916504,0.5657029151916504,0.006663797423243523,0.4255450963973999,0.00047255310346372426,0.0016157223144546151
192.168.100.51,192.168.100.50,64899,1076,6,DoS,0.0234 seconds,0.5657029151916504,0.5657029151916504,0.006663797423243523,0.4255450963973999,0.00047255310346372426,0.0016157223144546151
192.168.100.51,192.168.100.50,64900,32776,6,DoS,0.0257 seconds,0.5657029151916504,0.5657029151916504,0.006663797423243523,0.4255450963973999,0.00047255310346372426,0.0016157223144546151
192.168.100.51,192.168.100.50,64901,32778,6,DoS,0.0145 seconds,0.5657029151916504,0.5657029151916504,0.006663797423243523,0.4255450963973999,0.00047255310346372426,0.0016157223144546151
192.168.100.51,192.168.100.50,65037,3851,6,DoS,0.0092 seconds,0.781970202922821,0.781970202922821,0.005445678252726793,0.2112606316804886,0.0002776518522296101,0.0010456833988428116
192.168.100.51,192.168.100.50,65072,1556,6,DoS,0.0189 seconds,0.781970202922821,0.781970202922821,0.005445678252726793,0.2112606316804886,0.0002776518522296101,0.0010456833988428116
192.168.100.51,192.168.100.50,65073,995,6,DoS,0.0299 seconds,0.5927744507789612,0.5927744507789612,0.007935364730656147,0.3972266912460327,0.0005397146451286972,0.0015237547922879457
192.168.100.51,192.168.100.50,65074,445,6,DoS,0.0081 seconds,0.5657029151916504,0.5657029151916504,0.006663797423243523,0.4255450963973999,0.00047255310346372426,0.0016157223144546151
192.168.100.51,192.168.100.50,65075,53,6,DoS,0.0095 seconds,0.5657029151916504,0.5657029151916504,0.006663797423243523,0.4255450963973999,0.00047255310346372426,0.0016157223144546151
192.168.100.51,192.168.100.50,65076,25,6,DoS,0.0139 seconds,0.5657029151916504,0.5657029151916504,0.006663797423243523,0.4255450963973999,0.00047255310346372426,0.0016157223144546151
192.168.100.51,192.168.100.50,65077,256,6,DoS,0.0171 seconds,0.5927744507789612,0.5927744507789612,0.007935364730656147,0.3972266912460327,0.0005397146451286972,0.0015237547922879457
192.168.100.51,192.168.100.50,65078,3306,6,DoS,0.0217 seconds,0.5657029151916504,0.5657029151916504,0.006663797423243523,0.4255450963973999,0.00047255310346372426,0.0016157223144546151
192.168.100.51,192.168.100.50,65079,554,6,DoS,0.0101 seconds,0.5657029151916504,0.5657029151916504,0.006663797423243523,0.4255450963973999,0.00047255310346372426,0.0016157223144546151
192.168.100.50,192.168.100.51,3333,65108,6,BruteForce,0.0108 seconds,0.6565741896629333,0.34078964591026306,0.002311571966856718,0.6565741896629333,9.139296889770776e-05,0.0002331605355720967
192.168.100.51,192.168.100.50,65384,1124,6,DoS,0.0091 seconds,0.7703363299369812,0.7703363299369812,0.005388805642724037,0.22295796871185303,0.0002820630616042763,0.001034763059578836
192.168.100.51,192.168.100.50,65385,3878,6,DoS,0.0130 seconds,0.5657029151916504,0.5657029151916504,0.006663797423243523,0.4255450963973999,0.00047255310346372426,0.0016157223144546151
192.168.100.51,192.168.100.50,49182,10002,6,DoS,0.0092 seconds,0.781970202922821,0.781970202922821,0.005445678252726793,0.2112606316804886,0.0002776518522296101,0.0010456833988428116
192.168.100.51,192.168.100.50,49220,44176,6,DoS,0.0133 seconds,0.7556105256080627,0.7556105256080627,0.005734333768486977,0.23725393414497375,0.0003001487348228693,0.0011011112947016954
192.168.100.51,192.168.100.50,49221,2366,6,DoS,0.0116 seconds,0.781970202922821,0.781970202922821,0.005445678252726793,0.2112606316804886,0.0002776518522296101,0.0010456833988428116
192.168.100.51,192.168.100.50,49222,1272,6,DoS,0.0133 seconds,0.5657029151916504,0.5657029151916504,0.006663797423243523,0.4255450963973999,0.00047255310346372426,0.0016157223144546151
192.168.100.51,192.168.100.50,49223,10215,6,DoS,0.0137 seconds,0.5671735405921936,0.5671735405921936,0.00843618530780077,0.42229655385017395,0.00047378160525113344,0.0016199226956814528
192.168.100.51,192.168.100.50,49326,32785,6,DoS,0.0085 seconds,0.87604159116745,0.87604159116745,0.006266371812671423,0.11616075783967972,0.00032799685141071677,0.0012032735394313931
192.168.100.51,192.168.100.50,49360,425,6,DoS,0.0132 seconds,0.781970202922821,0.781970202922821,0.005445678252726793,0.2112606316804886,0.0002776518522296101,0.0010456833988428116
192.168.100.51,192.168.100.50,49361,1089,6,DoS,0.0173 seconds,0.5657029151916504,0.5657029151916504,0.006663797423243523,0.4255450963973999,0.00047255310346372426,0.0016157223144546151
192.168.100.51,192.168.100.50,49397,1044,6,DoS,0.0206 seconds,0.5927744507789612,0.5927744507789612,0.007935364730656147,0.3972266912460327,0.0005397146451286972,0.0015237547922879457
192.168.100.51,192.168.100.50,49398,3011,6,DoS,0.0150 seconds,0.5657029151916504,0.5657029151916504,0.006663797423243523,0.4255450963973999,0.00047255310346372426,0.0016157223144546151
192.168.100.51,192.168.100.50,49399,32773,6,DoS,0.0207 seconds,0.5657029151916504,0.5657029151916504,0.006663797423243523,0.4255450963973999,0.00047255310346372426,0.0016157223144546151
192.168.100.50,192.168.100.51,9103,49556,6,BruteForce,0.0175 seconds,0.6565741896629333,0.34078964591026306,0.002311571966856718,0.6565741896629333,9.139296889770776e-05,0.0002331605355720967
192.168.100.51,192.168.100.50,49635,1755,6,DoS,0.0231 seconds,0.781970202922821,0.781970202922821,0.005445678252726793,0.2112606316804886,0.0002776518522296101,0.0010456833988428116
192.168.100.51,192.168.100.50,49639,2967,6,DoS,0.0171 seconds,0.5671735405921936,0.5671735405921936,0.00843618530780077,0.42229655385017395,0.00047378160525113344,0.0016199226956814528
192.168.100.51,192.168.100.50,49640,2040,6,DoS,0.0164 seconds,0.5657029151916504,0.5657029151916504,0.006663797423243523,0.4255450963973999,0.00047255310346372426,0.0016157223144546151
192.168.100.51,192.168.100.50,49641,2557,6,DoS,0.0197 seconds,0.5657029151916504,0.5657029151916504,0.006663797423243523,0.4255450963973999,0.00047255310346372426,0.0016157223144546151
192.168.100.51,192.168.100.50,49746,3389,6,DoS,0.0170 seconds,0.5927744507789612,0.5927744507789612,0.007935364730656147,0.3972266912460327,0.0005397146451286972,0.0015237547922879457
192.168.100.51,192.168.100.50,49747,443,6,DoS,0.0090 seconds,0.5657029151916504,0.5657029151916504,0.006663797423243523,0.4255450963973999,0.00047255310346372426,0.0016157223144546151
192.168.100.51,192.168.100.50,49748,139,6,DoS,0.0194 seconds,0.592830240726471,0.592830240726471,0.007936110720038414,0.3972640633583069,0.0004456971073523164,0.0015238982159644365
192.168.100.51,192.168.100.50,49749,25,6,DoS,0.0180 seconds,0.5657029151916504,0.5657029151916504,0.006663797423243523,0.4255450963973999,0.00047255310346372426,0.0016157223144546151
192.168.100.51,192.168.100.50,49750,993,6,DoS,0.0241 seconds,0.5657029151916504,0.5657029151916504,0.006663797423243523,0.4255450963973999,0.00047255310346372426,0.0016157223144546151
192.168.100.51,192.168.100.50,49782,1026,6,DoS,0.0122 seconds,0.679372251033783,0.679372251033783,0.005690076854079962,0.3134870231151581,0.0003580357297323644,0.0010926129762083292
192.168.100.51,192.168.100.50,49751,21,6,DoS,0.0144 seconds,0.9978359341621399,0.9978359341621399,8.633828110760078e-05,0.0007950760773383081,7.781609747326002e-05,0.0012049037031829357
192.168.100.50,192.168.100.51,6788,49835,6,BruteForce,0.0203 seconds,0.6565741896629333,0.34078964591026306,0.002311571966856718,0.6565741896629333,9.139296889770776e-05,0.0002331605355720967
192.168.100.51,192.168.100.50,49887,1054,6,DoS,0.0131 seconds,0.5671735405921936,0.5671735405921936,0.00843618530780077,0.42229655385017395,0.00047378160525113344,0.0016199226956814528
192.168.100.51,192.168.100.50,49897,7627,6,DoS,0.0126 seconds,0.679372251033783,0.679372251033783,0.005690076854079962,0.3134870231151581,0.0003580357297323644,0.0010926129762083292
192.168.100.50,192.168.100.51,12265,50026,6,BruteForce,0.0172 seconds,0.6565741896629333,0.34078964591026306,0.002311571966856718,0.6565741896629333,9.139296889770776e-05,0.0002331605355720967
192.168.100.50,192.168.100.51,1334,50118,6,BruteForce,0.0133 seconds,0.6565741896629333,0.34078964591026306,0.002311571966856718,0.6565741896629333,9.139296889770776e-05,0.0002331605355720967
192.168.100.51,192.168.100.50,50120,2170,6,DoS,0.0082 seconds,0.679372251033783,0.679372251033783,0.005690076854079962,0.3134870231151581,0.0003580357297323644,0.0010926129762083292
192.168.100.51,192.168.100.50,50121,8994,6,DoS,0.0127 seconds,0.5657029151916504,0.5657029151916504,0.006663797423243523,0.4255450963973999,0.00047255310346372426,0.0016157223144546151
192.168.100.51,192.168.100.50,50167,3269,6,DoS,0.0112 seconds,0.7421930432319641,0.7421930432319641,0.006216231733560562,0.2500654458999634,0.0003316403308417648,0.0011936456430703402
192.168.100.50,192.168.100.51,500,50232,6,BruteForce,0.0117 seconds,0.6565741896629333,0.34078964591026306,0.002311571966856718,0.6565741896629333,9.139296889770776e-05,0.0002331605355720967
192.168.100.51,192.168.100.50,50373,8222,6,DoS,0.0115 seconds,0.5927744507789612,0.5927744507789612,0.007935364730656147,0.3972266912460327,0.0005397146451286972,0.0015237547922879457
192.168.100.51,192.168.100.50,50389,2006,6,DoS,0.0105 seconds,0.748866856098175,0.748866856098175,0.006272128317505121,0.24332208931446075,0.000334622454829514,0.00120437890291214
192.168.100.51,192.168.100.50,50390,10000,6,DoS,0.0102 seconds,0.5657029151916504,0.5657029151916504,0.006663797423243523,0.4255450963973999,0.00047255310346372426,0.0016157223144546151
192.168.100.51,192.168.100.50,50483,50001,6,DoS,0.0088 seconds,0.5927744507789612,0.5927744507789612,0.007935364730656147,0.3972266912460327,0.0005397146451286972,0.0015237547922879457
192.168.100.51,192.168.100.50,50505,8800,6,DoS,0.0128 seconds,0.5927744507789612,0.5927744507789612,0.007935364730656147,0.3972266912460327,0.0005397146451286972,0.0015237547922879457
192.168.100.51,192.168.100.50,50557,1217,6,DoS,0.0111 seconds,0.699413537979126,0.699413537979126,0.005857932381331921,0.29323506355285645,0.0003685976844280958,0.0011248447699472308
192.168.100.51,192.168.100.50,50558,12174,6,DoS,0.0109 seconds,0.7703363299369812,0.7703363299369812,0.005388805642724037,0.22295796871185303,0.0002820630616042763,0.001034763059578836
192.168.100.51,192.168.100.50,50559,15003,6,DoS,0.0132 seconds,0.748866856098175,0.748866856098175,0.006272128317505121,0.24332208931446075,0.000334622454829514,0.00120437890291214
192.168.100.51,192.168.100.50,50654,1097,6,DoS,0.0168 seconds,0.5657029151916504,0.5657029151916504,0.006663797423243523,0.4255450963973999,0.00047255310346372426,0.0016157223144546151
192.168.100.51,192.168.100.50,50678,5962,6,DoS,0.0270 seconds,0.5671735405921936,0.5671735405921936,0.00843618530780077,0.42229655385017395,0.00047378160525113344,0.0016199226956814528
192.168.100.51,192.168.100.50,50733,7,6,DoS,0.0254 seconds,0.5657029151916504,0.5657029151916504,0.006663797423243523,0.4255450963973999,0.00047255310346372426,0.0016157223144546151
192.168.100.51,192.168.100.50,50750,20031,6,DoS,0.0222 seconds,0.7811978459358215,0.7811978459358215,0.005464786197990179,0.21200191974639893,0.00028604010003618896,0.0010493529262021184
192.168.100.51,192.168.100.50,50751,9944,6,DoS,0.0276 seconds,0.5671735405921936,0.5671735405921936,0.00843618530780077,0.42229655385017395,0.00047378160525113344,0.0016199226956814528
192.168.100.51,192.168.100.50,50752,50636,6,DoS,0.0113 seconds,0.5657029151916504,0.5657029151916504,0.006663797423243523,0.4255450963973999,0.00047255310346372426,0.0016157223144546151
192.168.100.51,192.168.100.50,50753,9666,6,DoS,0.0083 seconds,0.5657029151916504,0.5657029151916504,0.006663797423243523,0.4255450963973999,0.00047255310346372426,0.0016157223144546151
192.168.100.51,192.168.100.50,50754,524,6,DoS,0.0085 seconds,0.5657029151916504,0.5657029151916504,0.006663797423243523,0.4255450963973999,0.00047255310346372426,0.0016157223144546151
192.168.100.51,192.168.100.50,50755,3071,6,DoS,0.0108 seconds,0.5657029151916504,0.5657029151916504,0.006663797423243523,0.4255450963973999,0.00047255310346372426,0.0016157223144546151
192.168.100.51,192.168.100.50,50756,1863,6,DoS,0.0128 seconds,0.5657029151916504,0.5657029151916504,0.006663797423243523,0.4255450963973999,0.00047255310346372426,0.0016157223144546151
192.168.100.51,192.168.100.50,50806,8080,6,DoS,0.0114 seconds,0.5657029151916504,0.5657029151916504,0.006663797423243523,0.4255450963973999,0.00047255310346372426,0.0016157223144546151
192.168.100.51,192.168.100.50,50827,139,6,DoS,0.0211 seconds,0.5927744507789612,0.5927744507789612,0.007935364730656147,0.3972266912460327,0.0005397146451286972,0.0015237547922879457
192.168.100.51,192.168.100.50,50858,1079,6,DoS,0.0318 seconds,0.592830240726471,0.592830240726471,0.007936110720038414,0.3972640633583069,0.0004456971073523164,0.0015238982159644365
192.168.100.51,192.168.100.50,50960,5906,6,DoS,0.0185 seconds,0.679372251033783,0.679372251033783,0.005690076854079962,0.3134870231151581,0.0003580357297323644,0.0010926129762083292
192.168.100.51,192.168.100.50,51208,6123,6,DoS,0.0167 seconds,0.781960129737854,0.781960129737854,0.005445608403533697,0.2112579047679901,0.0002905270375777036,0.0010456698946654797
192.168.100.51,192.168.100.50,51209,7676,6,DoS,0.0275 seconds,0.5927744507789612,0.5927744507789612,0.007935364730656147,0.3972266912460327,0.0005397146451286972,0.0015237547922879457
192.168.100.51,192.168.100.50,51210,65389,6,DoS,0.0161 seconds,0.5657029151916504,0.5657029151916504,0.006663797423243523,0.4255450963973999,0.00047255310346372426,0.0016157223144546151
192.168.100.51,192.168.100.50,51211,24,6,DoS,0.0309 seconds,0.5657029151916504,0.5657029151916504,0.006663797423243523,0.4255450963973999,0.00047255310346372426,0.0016157223144546151
192.168.100.51,192.168.100.50,51212,1461,6,DoS,0.0147 seconds,0.5657029151916504,0.5657029151916504,0.006663797423243523,0.4255450963973999,0.00047255310346372426,0.0016157223144546151
192.168.100.51,192.168.100.50,51213,1862,6,DoS,0.0246 seconds,0.5657029151916504,0.5657029151916504,0.006663797423243523,0.4255450963973999,0.00047255310346372426,0.0016157223144546151
192.168.100.50,192.168.100.51,1152,51261,6,BruteForce,0.0162 seconds,0.6565741896629333,0.34078964591026306,0.002311571966856718,0.6565741896629333,9.139296889770776e-05,0.0002331605355720967
192.168.100.51,192.168.100.50,51354,55555,6,DoS,0.0211 seconds,0.5927744507789612,0.5927744507789612,0.007935364730656147,0.3972266912460327,0.0005397146451286972,0.0015237547922879457
192.168.100.51,192.168.100.50,51355,1309,6,DoS,0.0137 seconds,0.7421930432319641,0.7421930432319641,0.006216231733560562,0.2500654458999634,0.0003316403308417648,0.0011936456430703402
192.168.100.51,192.168.100.50,51356,1023,6,DoS,0.0157 seconds,0.781970202922821,0.781970202922821,0.005445678252726793,0.2112606316804886,0.0002776518522296101,0.0010456833988428116
192.168.100.51,192.168.100.50,51357,1123,6,DoS,0.0171 seconds,0.781970202922821,0.781970202922821,0.005445678252726793,0.2112606316804886,0.0002776518522296101,0.0010456833988428116
192.168.100.50,192.168.100.51,2607,51387,6,BruteForce,0.0187 seconds,0.6565741896629333,0.34078964591026306,0.002311571966856718,0.6565741896629333,9.139296889770776e-05,0.0002331605355720967
192.168.100.51,192.168.100.50,51528,40911,6,DoS,0.0400 seconds,0.7421930432319641,0.7421930432319641,0.006216231733560562,0.2500654458999634,0.0003316403308417648,0.0011936456430703402
192.168.100.51,192.168.100.50,51554,5560,6,DoS,0.0305 seconds,0.781970202922821,0.781970202922821,0.005445678252726793,0.2112606316804886,0.0002776518522296101,0.0010456833988428116
192.168.100.51,192.168.100.50,51555,1300,6,DoS,0.0208 seconds,0.5657029151916504,0.5657029151916504,0.006663797423243523,0.4255450963973999,0.00047255310346372426,0.0016157223144546151
192.168.100.51,192.168.100.50,51556,9110,6,DoS,0.0111 seconds,0.5657029151916504,0.5657029151916504,0.006663797423243523,0.4255450963973999,0.00047255310346372426,0.0016157223144546151
192.168.100.51,192.168.100.50,51557,406,6,DoS,0.0199 seconds,0.5657029151916504,0.5657029151916504,0.006663797423243523,0.4255450963973999,0.00047255310346372426,0.0016157223144546151
192.168.100.51,192.168.100.50,51558,6839,6,DoS,0.0291 seconds,0.5657029151916504,0.5657029151916504,0.006663797423243523,0.4255450963973999,0.00047255310346372426,0.0016157223144546151
192.168.100.51,192.168.100.50,51612,8083,6,DoS,0.0243 seconds,0.592830240726471,0.592830240726471,0.007936110720038414,0.3972640633583069,0.0004456971073523164,0.0015238982159644365
192.168.100.51,192.168.100.50,51832,10004,6,DoS,0.0278 seconds,0.679372251033783,0.679372251033783,0.005690076854079962,0.3134870231151581,0.0003580357297323644,0.0010926129762083292
192.168.100.51,192.168.100.50,51833,5811,6,DoS,0.0274 seconds,0.5657029151916504,0.5657029151916504,0.006663797423243523,0.4255450963973999,0.00047255310346372426,0.0016157223144546151
192.168.100.51,192.168.100.50,51834,199,6,DoS,0.0456 seconds,0.8674269318580627,0.8674269318580627,0.0067018684931099415,0.12423359602689743,0.00035079161170870066,0.0012868973426520824
192.168.100.51,192.168.100.50,51835,445,6,DoS,0.0285 seconds,0.781970202922821,0.781970202922821,0.005445678252726793,0.2112606316804886,0.0002776518522296101,0.0010456833988428116
192.168.100.51,192.168.100.50,51837,256,6,DoS,0.0244 seconds,0.5657029151916504,0.5657029151916504,0.006663797423243523,0.4255450963973999,0.00047255310346372426,0.0016157223144546151
192.168.100.51,192.168.100.50,51838,143,6,DoS,0.0121 seconds,0.5657029151916504,0.5657029151916504,0.006663797423243523,0.4255450963973999,0.00047255310346372426,0.0016157223144546151
192.168.100.51,192.168.100.50,51839,993,6,DoS,0.0103 seconds,0.5657029151916504,0.5657029151916504,0.006663797423243523,0.4255450963973999,0.00047255310346372426,0.0016157223144546151
192.168.100.51,192.168.100.50,51840,53,6,DoS,0.0208 seconds,0.5657029151916504,0.5657029151916504,0.006663797423243523,0.4255450963973999,0.00047255310346372426,0.0016157223144546151
192.168.100.51,192.168.100.50,51841,8080,6,DoS,0.0183 seconds,0.5657029151916504,0.5657029151916504,0.006663797423243523,0.4255450963973999,0.00047255310346372426,0.0016157223144546151
192.168.100.51,192.168.100.50,51842,1723,6,DoS,0.0217 seconds,0.5657029151916504,0.5657029151916504,0.006663797423243523,0.4255450963973999,0.00047255310346372426,0.0016157223144546151
192.168.100.51,192.168.100.50,51843,554,6,DoS,0.0120 seconds,0.5657029151916504,0.5657029151916504,0.006663797423243523,0.4255450963973999,0.00047255310346372426,0.0016157223144546151
192.168.100.51,192.168.100.50,52160,7100,6,DoS,0.0087 seconds,0.5671735405921936,0.5671735405921936,0.00843618530780077,0.42229655385017395,0.00047378160525113344,0.0016199226956814528
192.168.100.51,192.168.100.50,52161,4224,6,DoS,0.0087 seconds,0.5927744507789612,0.5927744507789612,0.007935364730656147,0.3972266912460327,0.0005397146451286972,0.0015237547922879457
192.168.100.51,192.168.100.50,52162,2725,6,DoS,0.0144 seconds,0.5657029151916504,0.5657029151916504,0.006663797423243523,0.4255450963973999,0.00047255310346372426,0.0016157223144546151
192.168.100.51,192.168.100.50,52163,366,6,DoS,0.0192 seconds,0.5657029151916504,0.5657029151916504,0.006663797423243523,0.4255450963973999,0.00047255310346372426,0.0016157223144546151
192.168.100.51,192.168.100.50,52164,1433,6,DoS,0.0218 seconds,0.5657029151916504,0.5657029151916504,0.006663797423243523,0.4255450963973999,0.00047255310346372426,0.0016157223144546151
192.168.100.51,192.168.100.50,52233,40911,6,DoS,0.0264 seconds,0.679372251033783,0.679372251033783,0.005690076854079962,0.3134870231151581,0.0003580357297323644,0.0010926129762083292
192.168.100.51,192.168.100.50,52237,2013,6,DoS,0.0440 seconds,0.87604159116745,0.87604159116745,0.006266371812671423,0.11616075783967972,0.00032799685141071677,0.0012032735394313931
192.168.100.51,192.168.100.50,52241,10629,6,DoS,0.0346 seconds,0.5657029151916504,0.5657029151916504,0.006663797423243523,0.4255450963973999,0.00047255310346372426,0.0016157223144546151
192.168.100.51,192.168.100.50,52258,1247,6,DoS,0.0329 seconds,0.781970202922821,0.781970202922821,0.005445678252726793,0.2112606316804886,0.0002776518522296101,0.0010456833988428116
192.168.100.51,192.168.100.50,52309,1641,6,DoS,0.0135 seconds,0.5927744507789612,0.5927744507789612,0.007935364730656147,0.3972266912460327,0.0005397146451286972,0.0015237547922879457
192.168.100.51,192.168.100.50,52380,3000,6,DoS,0.0174 seconds,0.5927744507789612,0.5927744507789612,0.007935364730656147,0.3972266912460327,0.0005397146451286972,0.0015237547922879457
192.168.100.51,192.168.100.50,52390,19101,6,DoS,0.0363 seconds,0.5927744507789612,0.5927744507789612,0.007935364730656147,0.3972266912460327,0.0005397146451286972,0.0015237547922879457
192.168.100.51,192.168.100.50,52391,65000,6,DoS,0.0124 seconds,0.781970202922821,0.781970202922821,0.005445678252726793,0.2112606316804886,0.0002776518522296101,0.0010456833988428116
192.168.100.51,192.168.100.50,52515,1041,6,DoS,0.0178 seconds,0.7703363299369812,0.7703363299369812,0.005388805642724037,0.22295796871185303,0.0002820630616042763,0.001034763059578836
192.168.100.51,192.168.100.50,52519,12174,6,DoS,0.0186 seconds,0.5671735405921936,0.5671735405921936,0.00843618530780077,0.42229655385017395,0.00047378160525113344,0.0016199226956814528
192.168.100.50,192.168.100.51,1027,52527,6,BruteForce,0.0135 seconds,0.6565741896629333,0.34078964591026306,0.002311571966856718,0.6565741896629333,9.139296889770776e-05,0.0002331605355720967
192.168.100.51,192.168.100.50,52661,1068,6,DoS,0.0184 seconds,0.5927744507789612,0.5927744507789612,0.007935364730656147,0.3972266912460327,0.0005397146451286972,0.0015237547922879457
192.168.100.51,192.168.100.50,52737,49156,6,DoS,0.0212 seconds,0.5927744507789612,0.5927744507789612,0.007935364730656147,0.3972266912460327,0.0005397146451286972,0.0015237547922879457
192.168.100.51,192.168.100.50,52850,9917,6,DoS,0.0184 seconds,0.781970202922821,0.781970202922821,0.005445678252726793,0.2112606316804886,0.0002776518522296101,0.0010456833988428116
192.168.100.51,192.168.100.50,53007,1217,6,DoS,0.0219 seconds,0.781970202922821,0.781970202922821,0.005445678252726793,0.2112606316804886,0.0002776518522296101,0.0010456833988428116
192.168.100.51,192.168.100.50,52573,3878,6,BruteForce,0.0219 seconds,0.6565676331520081,0.3407862186431885,0.0023115489166229963,0.6565676331520081,0.00010141447273781523,0.00023315820726566017
192.168.100.51,192.168.100.50,52574,1009,6,BruteForce,0.0078 seconds,0.6565676331520081,0.3407862186431885,0.0023115489166229963,0.6565676331520081,0.00010141447273781523,0.00023315820726566017
192.168.100.51,192.168.100.50,52602,2718,6,BruteForce,0.0084 seconds,0.6565676331520081,0.3407862186431885,0.0023115489166229963,0.6565676331520081,0.00010141447273781523,0.00023315820726566017
192.168.100.51,192.168.100.50,52778,5280,6,BruteForce,0.0107 seconds,0.6565676331520081,0.3407862186431885,0.0023115489166229963,0.6565676331520081,0.00010141447273781523,0.00023315820726566017
192.168.100.51,192.168.100.50,52784,9898,6,BruteForce,0.0075 seconds,0.6565676331520081,0.3407862186431885,0.0023115489166229963,0.6565676331520081,0.00010141447273781523,0.00023315820726566017
192.168.100.51,192.168.100.50,52886,5962,6,BruteForce,0.0082 seconds,0.6565676331520081,0.3407862186431885,0.0023115489166229963,0.6565676331520081,0.00010141447273781523,0.00023315820726566017
192.168.100.51,192.168.100.50,52902,49999,6,BruteForce,0.0085 seconds,0.6565676331520081,0.3407862186431885,0.0023115489166229963,0.6565676331520081,0.00010141447273781523,0.00023315820726566017
192.168.100.51,192.168.100.50,52950,80,6,DoS,0.0292 seconds,0.916728138923645,0.916728138923645,0.005970294587314129,0.0758366510272026,0.00031851939274929464,0.0011464206036180258
192.168.100.51,192.168.100.50,52951,21,6,DoS,0.0397 seconds,0.9997492432594299,0.9997492432594299,0.00015137741866055876,4.4654101657215506e-05,1.3072823094262276e-05,4.1638319089543074e-05
192.168.100.51,192.168.100.50,53034,3017,6,BruteForce,0.0358 seconds,0.6565676331520081,0.3407862186431885,0.0023115489166229963,0.6565676331520081,0.00010141447273781523,0.00023315820726566017
192.168.100.51,192.168.100.50,53187,2034,6,BruteForce,0.0363 seconds,0.6565676331520081,0.3407862186431885,0.0023115489166229963,0.6565676331520081,0.00010141447273781523,0.00023315820726566017
192.168.100.51,192.168.100.50,53191,1108,6,BruteForce,0.0256 seconds,0.6565676331520081,0.3407862186431885,0.0023115489166229963,0.6565676331520081,0.00010141447273781523,0.00023315820726566017
192.168.100.51,192.168.100.50,53274,100,6,BruteForce,0.0447 seconds,0.6565676331520081,0.3407862186431885,0.0023115489166229963,0.6565676331520081,0.00010141447273781523,0.00023315820726566017
192.168.100.51,192.168.100.50,53350,9998,6,BruteForce,0.0839 seconds,0.6565676331520081,0.3407862186431885,0.0023115489166229963,0.6565676331520081,0.00010141447273781523,0.00023315820726566017
192.168.100.51,192.168.100.50,53363,7004,6,BruteForce,0.0807 seconds,0.6565676331520081,0.3407862186431885,0.0023115489166229963,0.6565676331520081,0.00010141447273781523,0.00023315820726566017
192.168.100.51,192.168.100.50,53421,3371,6,BruteForce,0.0684 seconds,0.6565676331520081,0.3407862186431885,0.0023115489166229963,0.6565676331520081,0.00010141447273781523,0.00023315820726566017
192.168.100.51,192.168.100.50,53423,2107,6,BruteForce,0.0636 seconds,0.6565676331520081,0.3407862186431885,0.0023115489166229963,0.6565676331520081,0.00010141447273781523,0.00023315820726566017
192.168.100.51,192.168.100.50,53664,3268,6,BruteForce,0.0509 seconds,0.6565676331520081,0.3407862186431885,0.0023115489166229963,0.6565676331520081,0.00010141447273781523,0.00023315820726566017
